experiment_id,variant_id,seed,cumulative_payoff,mean_payoff,early_exploitation_rate,betrayal_recovery_time,selection_gini,entropy_early,entropy_mid,entropy_late,beta_range,trust_approach_latency,trust_withdrawal_latency,trust_asymmetry
betrayal,cautious_high_alpha,14200,1902.5,9.5125,0.0,5.0,0.32,9.27617375530259,9.019341724859828,8.973537160308487,0.8512227043638476,5.0,2.0,0.4
betrayal,cautious_high_alpha,14201,1961.0,9.805,0.0,4.0,0.595,7.423291975450971,8.048450890418975,7.3172257362093545,0.9160752235436049,1.0,3.0,3.0
betrayal,cautious_high_alpha,14202,2205.5,11.0275,0.0,110.0,0.625,8.327784833063198,7.138418854821281,6.888144272864665,0.5110257819914351,4.0,1.0,0.25
betrayal,cautious_high_alpha,14203,1861.0,9.305,0.0,22.0,0.3925,8.763669419520681,8.987415817033,9.011956404678205,1.1126611185851654,1.0,1.0,1.0
betrayal,cautious_high_alpha,14204,2179.0,10.895,0.0,69.0,0.68,8.507457753178455,7.6354734420719215,7.175986460677022,0.5750540441050993,1.0,1.0,1.0
betrayal,cautious_high_alpha,14205,1809.0,9.045,0.0,4.0,0.455,9.18444506354858,8.539947910643205,7.145740591433379,0.8902644189432471,1.0,1.0,1.0
betrayal,cautious_high_alpha,14206,1822.0,9.11,0.0,4.0,0.4575,9.16273436758985,8.45321457118465,6.248884659703371,1.00601264439118,1.0,3.0,3.0
betrayal,cautious_high_alpha,14207,2226.5,11.1325,0.0,,0.7,8.12536924668966,7.213053226697927,7.262183281466958,0.5221744352725758,1.0,1.0,1.0
betrayal,cautious_high_alpha,14208,2021.0,10.105,0.0,4.0,0.51,6.675621735041924,8.393570509102894,8.88438546960879,0.9641881190533498,1.0,1.0,1.0
betrayal,cautious_high_alpha,14209,2187.0,10.935,0.0,4.0,0.375,8.84388231657896,7.678698762666393,8.201025447602529,0.9420026181967054,1.0,1.0,1.0
betrayal,cautious_high_alpha,14210,1849.5,9.2475,0.0,4.0,0.2925,8.977860226405118,8.109061178432302,8.915350634438019,0.9326864067121263,1.0,2.0,2.0
betrayal,cautious_high_alpha,14211,1844.5,9.2225,0.0,4.0,0.185,9.13783795769914,8.85491452568076,8.972917333965864,0.9303029919739974,1.0,2.0,2.0
betrayal,cautious_high_alpha,14212,1895.5,9.4775,0.0,38.0,0.2125,9.206404697359567,8.95472377601893,8.586019084351197,1.1762408615982687,2.0,2.0,1.0
betrayal,cautious_high_alpha,14213,1917.5,9.5875,0.0,23.0,0.3925,9.300110632083918,8.356884907285295,9.094817546656273,0.7217130517123778,1.0,2.0,2.0
betrayal,cautious_high_alpha,14214,1843.5,9.2175,0.0,4.0,0.185,8.999852891010942,9.339061968340506,9.226611313580863,1.2143110040877065,1.0,1.0,1.0
betrayal,cautious_high_alpha,14215,1843.0,9.215,0.0,30.0,0.4075,9.221172993113093,8.65899800254765,8.535669727508315,0.9524094519013704,3.0,1.0,0.3333333333333333
betrayal,cautious_high_alpha,14216,1988.0,9.94,0.0,16.0,0.5725,7.213864988002854,8.352857548934,8.935888618638444,0.6694647080483809,1.0,7.0,7.0
betrayal,cautious_high_alpha,14217,1880.5,9.4025,0.0,9.0,0.485,8.606947340169743,8.724218940561107,7.767896840427294,0.917110007238534,1.0,1.0,1.0
betrayal,cautious_high_alpha,14218,1888.0,9.44,0.0,4.0,0.455,8.793658364035815,8.667460100494223,8.714581919326491,0.9957611964224574,1.0,1.0,1.0
betrayal,cautious_high_alpha,14219,1888.5,9.4425,0.0,24.0,0.155,8.973572045499704,9.356614809299732,8.342240665068456,1.048617952207772,1.0,3.0,3.0
betrayal,cautious_low_alpha,14200,1906.5,9.5325,0.0,9.0,0.4175,9.24027555561779,8.948982145573401,9.035569399318733,0.299439698751955,5.0,3.0,0.6
betrayal,cautious_low_alpha,14201,1922.0,9.61,0.0,8.0,0.5275,8.695703111877638,8.815032682907226,9.059515832158485,0.29545841147443486,2.0,1.0,0.5
betrayal,cautious_low_alpha,14202,1905.5,9.5275,0.0,4.0,0.3575,9.020796374200684,9.071533726980682,9.345739976723202,0.31578965013999316,1.0,1.0,1.0
betrayal,cautious_low_alpha,14203,1984.5,9.9225,0.0,22.0,0.275,8.893074618667537,9.06488378290783,8.925198765049721,0.38821260578132116,1.0,3.0,3.0
betrayal,cautious_low_alpha,14204,1908.0,9.54,0.0,14.0,0.505,8.577204884206905,8.983956502049653,8.737654612683494,0.29084726606329103,1.0,2.0,2.0
betrayal,cautious_low_alpha,14205,1800.5,9.0025,0.0,4.0,0.4175,9.162614821386214,8.878252545173392,8.658272881318434,0.3179973130596757,1.0,2.0,2.0
betrayal,cautious_low_alpha,14206,1825.0,9.125,0.0,4.0,0.2825,9.208219304103428,9.1999226642216,9.160064635260348,0.36127144811905826,2.0,2.0,1.0
betrayal,cautious_low_alpha,14207,1829.5,9.1475,0.0,37.0,0.44,9.00712403989784,9.019028429642782,8.872395954040906,0.3031881962144599,6.0,1.0,0.16666666666666666
betrayal,cautious_low_alpha,14208,2002.5,10.0125,0.0,74.0,0.615,8.644435604494284,8.741925345885024,8.896580219516615,0.25421476113101305,1.0,1.0,1.0
betrayal,cautious_low_alpha,14209,1900.5,9.5025,0.0,15.0,0.1025,9.434471867607076,9.390360787133957,9.344619340198516,0.36888371476967324,1.0,1.0,1.0
betrayal,cautious_low_alpha,14210,1877.5,9.3875,0.0,4.0,0.3525,9.072182050844523,9.080749730268955,8.917734220025155,0.30993789797291577,1.0,1.0,1.0
betrayal,cautious_low_alpha,14211,1867.0,9.335,0.0,4.0,0.2175,9.217490676086037,9.221667366646578,8.924309552952131,0.3518084318896001,1.0,1.0,1.0
betrayal,cautious_low_alpha,14212,2013.0,10.065,0.0,4.0,0.6,8.925506251708388,8.423556543464285,8.53938920481969,0.25192050701760654,1.0,2.0,2.0
betrayal,cautious_low_alpha,14213,1855.5,9.2775,0.0,23.0,0.3525,9.218358318866368,9.099071997766789,9.165876728135446,0.29877794747148045,1.0,1.0,1.0
betrayal,cautious_low_alpha,14214,1864.0,9.32,0.0,4.0,0.4025,9.202416371274976,9.1189671205376,8.94009959858507,0.2922921875864987,3.0,1.0,0.3333333333333333
betrayal,cautious_low_alpha,14215,1871.5,9.3575,0.0,28.0,0.185,9.23472582120154,9.052313392035073,8.923075879112659,0.35779463481278545,2.0,1.0,0.5
betrayal,cautious_low_alpha,14216,1826.0,9.13,0.0,,0.21,9.300428861858656,9.19070647570696,9.023763849489217,0.3610793851732999,1.0,2.0,2.0
betrayal,cautious_low_alpha,14217,1898.5,9.4925,0.0,18.0,0.5325,8.764675020273751,8.814362551965203,8.552980899660943,0.27795622261029607,1.0,1.0,1.0
betrayal,cautious_low_alpha,14218,1871.0,9.355,0.0,4.0,0.1975,9.369603453667587,9.123275779491784,8.9785402256663,0.35430918293380836,1.0,1.0,1.0
betrayal,cautious_low_alpha,14219,1856.0,9.28,0.0,4.0,0.155,9.439224276757313,9.37385309202414,9.353945552894416,0.37931897365351697,1.0,2.0,2.0
betrayal,default_reference,14200,1953.5,9.7675,0.0,22.0,0.4575,8.684190144189012,9.017267797661074,8.870881758016136,1.0996492791837296,2.0,3.0,1.5
betrayal,default_reference,14201,1803.0,9.015,0.0,48.0,0.3175,8.940638906754213,9.195103303424457,9.130862145763396,0.978599580729269,3.0,1.0,0.3333333333333333
betrayal,default_reference,14202,1858.0,9.29,0.0,4.0,0.1575,9.268433932034739,9.250511119398814,9.142733889513984,1.0296850129764519,1.0,2.0,2.0
betrayal,default_reference,14203,2261.5,11.3075,0.0,4.0,0.65,7.754575532577212,7.131229584226699,7.275819927345848,0.781148359125403,1.0,12.0,12.0
betrayal,default_reference,14204,1861.0,9.305,0.0,14.0,0.2475,9.121102674627943,8.788610326865465,7.116858239546127,0.8666729456311741,2.0,2.0,1.0
betrayal,default_reference,14205,2123.0,10.615,0.0,4.0,0.4275,7.626772994199938,7.887978677272095,7.724912302828572,0.7376987565107203,2.0,3.0,1.5
betrayal,default_reference,14206,1817.5,9.0875,0.0,4.0,0.2325,9.213951748972889,8.919311066332156,8.575262277986264,1.0970024448382802,1.0,2.0,2.0
betrayal,default_reference,14207,1945.0,9.725,0.0,25.0,0.55,8.114934797985093,8.683278309948502,8.319505018950784,0.8822719241229022,2.0,1.0,0.5
betrayal,default_reference,14208,1873.5,9.3675,0.0,4.0,0.4425,8.719002947127512,8.758660276819526,8.411162979275407,1.0123360427493142,1.0,1.0,1.0
betrayal,default_reference,14209,1961.0,9.805,0.0,4.0,0.245,8.284653146985825,8.802400089154936,9.38238352690075,1.1091651046171327,1.0,1.0,1.0
betrayal,default_reference,14210,1881.5,9.4075,0.0,4.0,0.2325,9.034135747395068,8.549189896623021,7.289600902960181,1.045836364458499,4.0,2.0,0.5
betrayal,default_reference,14211,1952.0,9.76,0.0,4.0,0.5025,8.960191246299999,8.879788762688047,8.624444513086917,1.0598922834916054,1.0,1.0,1.0
betrayal,default_reference,14212,1841.5,9.2075,0.0,22.0,0.3525,9.263508158988651,8.747824325985452,8.477201389810809,1.1540779255291973,2.0,1.0,0.5
betrayal,default_reference,14213,2180.5,10.9025,0.0,4.0,0.6225,7.871027883593366,7.7879040323559305,7.504454259153536,0.7016186839870421,1.0,2.0,2.0
betrayal,default_reference,14214,2241.5,11.2075,0.0,68.0,0.69,7.661150175808228,7.106537187569961,7.067658944591369,0.45619604825483573,2.0,3.0,1.5
betrayal,default_reference,14215,1845.5,9.2275,0.0,27.0,0.145,9.114117928232213,7.491647059974973,8.564665437800153,1.1499030008383744,6.0,1.0,0.16666666666666666
betrayal,default_reference,14216,1806.5,9.0325,0.0,6.0,0.2175,9.243129284791818,9.134708675918823,8.074677475866512,1.0646809890659774,3.0,6.0,2.0
betrayal,default_reference,14217,2237.5,11.1875,0.0,,0.6625,7.295419797000072,6.961477406918861,6.178776500359058,0.5362506391586126,1.0,1.0,1.0
betrayal,default_reference,14218,2180.0,10.9,0.0,54.0,0.665,7.877383003227352,7.639009802673498,8.023551949128866,0.5152086941834984,1.0,1.0,1.0
betrayal,default_reference,14219,2201.0,11.005,0.0,115.0,0.635,7.71270775617661,7.002094347168485,7.8719850285802195,0.5721363975553406,2.0,2.0,1.0
betrayal,naive_high_alpha,14200,1913.5,9.5675,0.0,118.0,0.405,8.755601388854801,8.896796149979926,8.823832171563016,1.0392918475355264,2.0,1.0,0.5
betrayal,naive_high_alpha,14201,1825.5,9.1275,0.0,47.0,0.46,8.539655136878462,8.731777613521556,8.719919731909199,1.1334902219085747,2.0,1.0,0.5
betrayal,naive_high_alpha,14202,1968.0,9.84,0.0,4.0,0.32,7.208185937275286,8.520217945351952,9.409232711059097,1.1693279951244846,2.0,1.0,0.5
betrayal,naive_high_alpha,14203,1821.0,9.105,0.0,105.0,0.3075,8.579569332547075,9.044633541961883,9.057784194235266,1.2570736254790593,1.0,1.0,1.0
betrayal,naive_high_alpha,14204,2129.0,10.645,0.0,64.0,0.6,8.491496502255373,7.886834404599198,7.707770063006702,0.9174967066761852,2.0,3.0,1.5
betrayal,naive_high_alpha,14205,1840.5,9.2025,0.0,11.0,0.2375,8.9513284498953,8.85336151107157,7.707747092992773,1.2077066916307886,3.0,1.0,0.3333333333333333
betrayal,naive_high_alpha,14206,1844.0,9.22,0.0,4.0,0.3975,8.71683913464014,8.834051960886814,7.3005716096005395,1.060521607299521,9.0,1.0,0.1111111111111111
betrayal,naive_high_alpha,14207,1834.0,9.17,0.0,25.0,0.3975,8.887826060266912,8.896118264916106,8.479924882486221,1.2176137148972836,1.0,2.0,2.0
betrayal,naive_high_alpha,14208,2256.5,11.2825,0.0,9.0,0.67,7.173948469084728,6.721071280577592,7.721289118629872,0.659505215520326,2.0,1.0,0.5
betrayal,naive_high_alpha,14209,1895.0,9.475,0.0,4.0,0.1025,9.1785469070521,9.272079657083502,8.529754443302751,1.2806022409563975,1.0,1.0,1.0
betrayal,naive_high_alpha,14210,1854.5,9.2725,0.0,4.0,0.185,8.948745827697941,8.373297940328479,8.227675949834106,1.1148105473865155,1.0,1.0,1.0
betrayal,naive_high_alpha,14211,1896.5,9.4825,0.0,4.0,0.21,8.968333224381945,9.136838084138258,7.802056276879674,1.1432747538521062,1.0,1.0,1.0
betrayal,naive_high_alpha,14212,1867.0,9.335,0.0,23.0,0.0925,9.29581003100373,8.954414872633913,9.005309967425719,1.1975026060391063,1.0,1.0,1.0
betrayal,naive_high_alpha,14213,1987.0,9.935,0.0,4.0,0.39,8.049813553925533,8.20502242730485,8.692999212976222,1.205573613335053,1.0,1.0,1.0
betrayal,naive_high_alpha,14214,1859.5,9.2975,0.0,4.0,0.2575,8.901024444475143,8.985190827001237,8.16136632731791,1.1684230206683928,2.0,2.0,1.0
betrayal,naive_high_alpha,14215,1896.0,9.48,0.0,28.0,0.0975,9.000149878500968,8.124783444202643,7.905515424916081,1.222247488339077,4.0,2.0,0.5
betrayal,naive_high_alpha,14216,1974.0,9.87,0.0,12.0,0.49,7.40871720975637,8.4132303684059,9.06792760532343,1.0068601768976113,3.0,6.0,2.0
betrayal,naive_high_alpha,14217,2229.0,11.145,0.0,,0.65,7.162648593071674,7.143967772797306,5.9497420089442885,0.5063373531382381,1.0,3.0,3.0
betrayal,naive_high_alpha,14218,1916.0,9.58,0.0,4.0,0.3975,8.299203555157614,8.361913531888662,9.091596332137781,1.028050938625861,3.0,2.0,0.6666666666666666
betrayal,naive_high_alpha,14219,1832.0,9.16,0.0,30.0,0.085,9.225700209274358,9.370862789196346,9.431959894795934,1.1361677325797224,2.0,1.0,0.5
betrayal,naive_low_alpha,14200,1893.5,9.4675,0.0,9.0,0.39,9.085929991604372,8.896758461476205,9.053777188464782,0.3531733227040493,3.0,1.0,0.3333333333333333
betrayal,naive_low_alpha,14201,1887.0,9.435,0.0,,0.28,8.717451046104797,9.020403826020711,9.079176793021226,0.40779311116442113,2.0,1.0,0.5
betrayal,naive_low_alpha,14202,1846.5,9.2325,0.0,9.0,0.125,9.112869799750852,9.215464337117115,9.200706495562324,0.3870716024042908,1.0,1.0,1.0
betrayal,naive_low_alpha,14203,1876.5,9.3825,0.0,28.0,0.39,8.830918204490231,8.876489120472906,8.860548893733247,0.3321948487701275,1.0,3.0,3.0
betrayal,naive_low_alpha,14204,1877.0,9.385,0.0,4.0,0.32,8.83017621237708,8.816019714268522,8.832410230511686,0.34373705752175204,2.0,2.0,1.0
betrayal,naive_low_alpha,14205,1836.5,9.1825,0.0,4.0,0.1975,8.828008163080517,8.92115611610429,8.882321731060312,0.3752850692847086,7.0,1.0,0.14285714285714285
betrayal,naive_low_alpha,14206,1859.5,9.2975,0.0,4.0,0.285,8.750202781423718,8.920765620805344,8.730846320596408,0.3747709062899237,10.0,1.0,0.1
betrayal,naive_low_alpha,14207,1843.0,9.215,0.0,78.0,0.3225,8.920192739409673,8.980272957299931,8.99111595159938,0.35303155051553126,1.0,1.0,1.0
betrayal,naive_low_alpha,14208,1866.0,9.33,0.0,6.0,0.2575,8.82134772506754,9.079221114929243,9.074802186579698,0.3624731555178351,5.0,1.0,0.2
betrayal,naive_low_alpha,14209,1916.5,9.5825,0.0,72.0,0.115,9.11887196362124,9.175549019119366,9.302398746006176,0.4127849360210909,1.0,2.0,2.0
betrayal,naive_low_alpha,14210,1997.0,9.985,0.0,4.0,0.4975,8.77817491879513,8.507365666293442,8.867975132037918,0.32960406447256435,3.0,3.0,1.0
betrayal,naive_low_alpha,14211,2103.5,10.5175,0.0,,0.445,8.806998793871232,8.72225101692387,8.560828680325507,0.308200573743368,1.0,5.0,5.0
betrayal,naive_low_alpha,14212,2040.0,10.2,0.0,4.0,0.51,8.876887163777946,8.518920981893215,8.657928004766038,0.3268188073998041,1.0,1.0,1.0
betrayal,naive_low_alpha,14213,1864.5,9.3225,0.0,78.0,0.1925,9.012592921698337,9.081496218749102,9.110619035495162,0.3584660238997113,1.0,1.0,1.0
betrayal,naive_low_alpha,14214,1856.0,9.28,0.0,4.0,0.275,8.835627078157556,9.033202721563836,8.910583392901286,0.3897763454619029,1.0,1.0,1.0
betrayal,naive_low_alpha,14215,1828.5,9.1425,0.0,27.0,0.1925,8.864450889928758,9.13576239050681,8.935427981838993,0.37035621594513013,1.0,1.0,1.0
betrayal,naive_low_alpha,14216,1849.5,9.2475,0.0,10.0,0.425,8.652641448900962,8.860574620040412,8.947947509449941,0.38415569935130534,3.0,3.0,1.0
betrayal,naive_low_alpha,14217,1888.5,9.4425,0.0,17.0,0.45,8.596294137583921,8.778265218316932,8.488973447906908,0.3504567538909158,1.0,1.0,1.0
betrayal,naive_low_alpha,14218,1879.5,9.3975,0.0,4.0,0.2225,8.961445192605808,9.065535099125889,8.95402043715454,0.3803376954056844,1.0,2.0,2.0
betrayal,naive_low_alpha,14219,1864.5,9.3225,0.0,,0.1875,8.90194766016691,9.120585900559451,9.254186062822056,0.388179892897457,2.0,1.0,0.5
betrayal,no_affect,14200,1895.5,9.4775,0.0,9.0,0.395,9.123195275711229,8.827401154460805,8.945101297960251,,6.0,1.0,0.16666666666666666
betrayal,no_affect,14201,1806.0,9.03,0.0,32.0,0.3525,8.945322831755998,9.086562269429132,8.959431341440899,,3.0,1.0,0.3333333333333333
betrayal,no_affect,14202,1847.5,9.2375,0.0,116.0,0.0375,9.195726090566074,9.247285324789706,9.18803024149405,,1.0,1.0,1.0
betrayal,no_affect,14203,2079.5,10.3975,0.0,107.0,0.605,8.442010713890635,8.662000229781222,8.723583793989942,,1.0,7.0,7.0
betrayal,no_affect,14204,1854.5,9.2725,0.0,64.0,0.3725,9.01118638657237,8.896697345720673,8.797535727264602,,2.0,2.0,1.0
betrayal,no_affect,14205,1802.0,9.01,0.0,4.0,0.37,8.999134150455797,8.889768780745667,8.921732310092466,,7.0,1.0,0.14285714285714285
betrayal,no_affect,14206,1862.5,9.3125,0.0,4.0,0.3525,8.714754971937422,8.592444538641297,8.554362083311895,,1.0,1.0,1.0
betrayal,no_affect,14207,1840.0,9.2,0.0,25.0,0.4,8.874704858082131,8.953498838913037,8.921035567757968,,1.0,3.0,3.0
betrayal,no_affect,14208,1863.5,9.3175,0.0,4.0,0.415,8.989751859480165,8.852896509028088,8.900194699527082,,1.0,2.0,2.0
betrayal,no_affect,14209,1975.0,9.875,0.0,4.0,0.22,9.126704624950431,9.169534117748471,9.11453876233637,,1.0,4.0,4.0
betrayal,no_affect,14210,1845.0,9.225,0.0,4.0,0.3225,9.030274188640904,9.005132126500975,8.826781852635825,,8.0,1.0,0.125
betrayal,no_affect,14211,1945.5,9.7275,0.0,100.0,0.405,8.939438373482783,8.87595569246374,9.218544022530999,,1.0,1.0,1.0
betrayal,no_affect,14212,2178.5,10.8925,0.0,4.0,0.6,8.688733340777114,8.359948816720783,8.366673609165355,,2.0,1.0,0.5
betrayal,no_affect,14213,1895.5,9.4775,0.0,78.0,0.3175,9.022502120818286,8.853533846406616,9.019990608024798,,1.0,1.0,1.0
betrayal,no_affect,14214,1854.5,9.2725,0.0,4.0,0.2525,8.953461103281786,9.081571784791574,8.986528075485225,,2.0,2.0,1.0
betrayal,no_affect,14215,1835.5,9.1775,0.0,23.0,0.2,8.962408959187849,8.7673365463655,8.449057153974818,,1.0,2.0,2.0
betrayal,no_affect,14216,1875.5,9.3775,0.0,,0.2475,9.070820811991453,9.0430593562725,8.953314927838841,,3.0,1.0,0.3333333333333333
betrayal,no_affect,14217,2147.5,10.7375,0.0,5.0,0.5375,8.797826747292786,8.670211592843703,8.368499860414339,,1.0,1.0,1.0
betrayal,no_affect,14218,1855.5,9.2775,0.0,4.0,0.3275,9.08256714719579,8.928358618675524,8.80316407815695,,1.0,2.0,2.0
betrayal,no_affect,14219,2041.5,10.2075,0.0,116.0,0.435,9.01163001424289,8.850725080051829,8.715338388133612,,2.0,1.0,0.5
open_graded,cautious_high_alpha,4200,2186.5,10.9325,0.06666666666666667,4.0,0.655,8.351343629314746,7.110141601324998,7.123778831218557,0.6729707526120706,1.0,1.0,1.0
open_graded,cautious_high_alpha,4201,2268.0,11.34,0.06666666666666667,4.0,0.67,7.894070712570742,6.916102153013039,6.437494561916563,0.6494499128917345,3.0,1.0,0.3333333333333333
open_graded,cautious_high_alpha,4202,1900.0,9.5,0.03333333333333333,82.0,0.3475,8.889012419642393,8.699224347184476,8.015870863229747,1.0173826512223072,1.0,4.0,4.0
open_graded,cautious_high_alpha,4203,1890.5,9.4525,0.0,4.0,0.17,7.7233240955337585,9.050625630789485,8.911287117142912,1.1384822369189016,1.0,1.0,1.0
open_graded,cautious_high_alpha,4204,1890.0,9.45,0.03333333333333333,21.0,0.175,9.07897200152136,8.808840629716308,9.18668300166897,1.0279611801345934,1.0,1.0,1.0
open_graded,cautious_high_alpha,4205,1789.5,8.9475,0.06666666666666667,20.0,0.3525,9.057315380403754,8.962953758331452,8.483710783093933,1.0693772838099918,1.0,5.0,5.0
open_graded,cautious_high_alpha,4206,1892.0,9.46,0.1,4.0,0.4625,8.833190024335352,8.829764273543216,9.167684663371318,0.9793181034029377,2.0,1.0,0.5
open_graded,cautious_high_alpha,4207,1894.5,9.4725,0.03333333333333333,4.0,0.475,8.67199432378484,8.261105095897584,8.179712637963211,1.131486590921023,1.0,1.0,1.0
open_graded,cautious_high_alpha,4208,1862.5,9.3125,0.03333333333333333,7.0,0.3775,9.14927948367621,8.63969772833089,8.443013514945106,0.8256587131770687,2.0,2.0,1.0
open_graded,cautious_high_alpha,4209,1838.5,9.1925,0.03333333333333333,33.0,0.35,8.249259152955464,7.631887419893263,7.5904479313620765,1.172908861011678,3.0,1.0,0.3333333333333333
open_graded,cautious_high_alpha,4210,1877.0,9.385,0.23333333333333334,4.0,0.365,9.009558261627207,9.146802910940956,8.755849955589742,0.8562029535816184,1.0,5.0,5.0
open_graded,cautious_high_alpha,4211,1915.5,9.5775,0.03333333333333333,4.0,0.4675,8.92771437067584,8.427314813964381,8.101438106611592,1.1529563595048125,3.0,1.0,0.3333333333333333
open_graded,cautious_high_alpha,4212,1816.5,9.0825,0.03333333333333333,4.0,0.2775,9.202731847951862,8.768124819305818,9.034290474385452,0.9551577788830264,3.0,1.0,0.3333333333333333
open_graded,cautious_high_alpha,4213,1860.0,9.3,0.0,4.0,0.2875,9.053487016315426,7.980072566299822,7.601753245579683,1.162064679276002,2.0,1.0,0.5
open_graded,cautious_high_alpha,4214,1837.0,9.185,0.03333333333333333,8.0,0.44,9.09084055723009,8.944160096845449,8.934161915442152,1.0107489179265954,1.0,1.0,1.0
open_graded,cautious_high_alpha,4215,1880.5,9.4025,0.03333333333333333,4.0,0.35,8.840485178143778,9.009159403834106,8.683824220995012,0.9129045368331794,1.0,3.0,3.0
open_graded,cautious_high_alpha,4216,1897.0,9.485,0.13333333333333333,4.0,0.4525,9.207040222435138,8.630271243271975,8.38194053707308,1.165909054020115,1.0,1.0,1.0
open_graded,cautious_high_alpha,4217,1876.5,9.3825,0.06666666666666667,16.0,0.51,9.028283718122825,8.921891366582038,8.76626715526812,0.7986677649394821,1.0,2.0,2.0
open_graded,cautious_high_alpha,4218,1926.0,9.63,0.03333333333333333,4.0,0.575,8.43636274948472,8.50933300808563,8.331348568484504,0.9938070922891674,1.0,3.0,3.0
open_graded,cautious_high_alpha,4219,1934.0,9.67,0.0,5.0,0.6025,8.42728535738593,8.494714250185394,8.882674459337307,0.9182725161658165,2.0,1.0,0.5
open_graded,cautious_low_alpha,4200,1911.0,9.555,0.06666666666666667,4.0,0.4525,8.792085625671353,8.93367120302233,8.923698505653292,0.2732555598199607,1.0,1.0,1.0
open_graded,cautious_low_alpha,4201,1930.5,9.6525,0.03333333333333333,4.0,0.5525,8.953804952664125,8.70834949942531,8.916163773446714,0.23785023304298908,2.0,2.0,1.0
open_graded,cautious_low_alpha,4202,1795.0,8.975,0.03333333333333333,39.0,0.41,9.01421004093473,8.989149875262283,8.90594765678838,0.2881218938234332,1.0,3.0,3.0
open_graded,cautious_low_alpha,4203,1874.0,9.37,0.06666666666666667,4.0,0.545,8.93967052210087,8.67090212511229,8.682096194104473,0.26017972164793574,1.0,1.0,1.0
open_graded,cautious_low_alpha,4204,2146.0,10.73,0.03333333333333333,65.0,0.505,8.960602107367643,8.7445552328536,8.780631187294363,0.3281174316618739,1.0,1.0,1.0
open_graded,cautious_low_alpha,4205,1834.5,9.1725,0.03333333333333333,4.0,0.33,9.169158090500678,9.07003975844537,9.020813876472994,0.3066481406614479,2.0,3.0,1.5
open_graded,cautious_low_alpha,4206,1883.5,9.4175,0.03333333333333333,4.0,0.5225,8.930808649591354,8.567297515987148,8.677351034330549,0.2410481628776649,1.0,2.0,2.0
open_graded,cautious_low_alpha,4207,1927.5,9.6375,0.06666666666666667,4.0,0.535,9.033368547259663,8.696162310585665,8.658160195196796,0.2530759142537298,1.0,1.0,1.0
open_graded,cautious_low_alpha,4208,1903.0,9.515,0.03333333333333333,4.0,0.5175,9.002818159886388,8.564201154729291,8.558231501899499,0.26176964717946133,1.0,1.0,1.0
open_graded,cautious_low_alpha,4209,2147.0,10.735,0.13333333333333333,4.0,0.595,8.966779278072963,8.086286766880965,8.031394795406694,0.2878063666798643,3.0,1.0,0.3333333333333333
open_graded,cautious_low_alpha,4210,1916.5,9.5825,0.2,4.0,0.5325,9.1243656594805,8.692789151779513,8.667372933233409,0.2646964595366384,1.0,1.0,1.0
open_graded,cautious_low_alpha,4211,1885.0,9.425,0.0,4.0,0.5675,9.047284193500845,8.565045115354991,8.524143460665465,0.26555772791405424,6.0,1.0,0.16666666666666666
open_graded,cautious_low_alpha,4212,1834.0,9.17,0.13333333333333333,4.0,0.285,9.273702972960496,9.171523072957365,9.151277616847493,0.3360723720161051,1.0,1.0,1.0
open_graded,cautious_low_alpha,4213,1879.0,9.395,0.03333333333333333,4.0,0.4425,8.94343224610614,8.888783098753596,8.856235777308509,0.269845137574962,1.0,4.0,4.0
open_graded,cautious_low_alpha,4214,1855.5,9.2775,0.16666666666666666,4.0,0.285,9.058019766142607,9.236185883832317,9.186150476957405,0.3189125632322944,2.0,1.0,0.5
open_graded,cautious_low_alpha,4215,1923.5,9.6175,0.06666666666666667,4.0,0.42,8.997559437656456,8.84627810677891,8.81665603006958,0.29423566455315814,1.0,1.0,1.0
open_graded,cautious_low_alpha,4216,1891.5,9.4575,0.3333333333333333,4.0,0.4275,9.103026117980104,9.043994296884382,8.571023457444667,0.31204727783036884,1.0,1.0,1.0
open_graded,cautious_low_alpha,4217,1899.5,9.4975,0.06666666666666667,4.0,0.525,9.10469872865501,8.781090926326048,8.642262173279741,0.25442503331424904,1.0,1.0,1.0
open_graded,cautious_low_alpha,4218,2013.0,10.065,0.03333333333333333,4.0,0.68,8.704007730995153,8.326639668888506,8.28329826734252,0.21112174520120436,1.0,2.0,2.0
open_graded,cautious_low_alpha,4219,1941.0,9.705,0.03333333333333333,4.0,0.5925,8.653703584634767,8.61015046492965,8.87911075281602,0.22849194358544755,7.0,1.0,0.14285714285714285
open_graded,default_reference,4200,2209.5,11.0475,0.03333333333333333,20.0,0.6675,7.1727615374326374,7.525188088097462,7.055806682811403,0.4845640890656471,1.0,2.0,2.0
open_graded,default_reference,4201,1885.5,9.4275,0.03333333333333333,4.0,0.415,9.076830003650267,8.820015521537744,9.077790903396988,0.9683285766203328,1.0,1.0,1.0
open_graded,default_reference,4202,1880.0,9.4,0.03333333333333333,43.0,0.405,8.7901584012581,7.8050478044417195,8.563966656559229,1.0624611109228408,1.0,2.0,2.0
open_graded,default_reference,4203,1855.5,9.2775,0.0,4.0,0.2575,7.410339548253939,8.653641337073665,8.325038815084646,1.289864854554761,1.0,1.0,1.0
open_graded,default_reference,4204,1877.5,9.3875,0.03333333333333333,21.0,0.1475,9.096857650875185,8.548945253344014,9.248835054462623,1.0856249567687475,1.0,1.0,1.0
open_graded,default_reference,4205,1894.0,9.47,0.03333333333333333,4.0,0.3025,8.795199351426545,8.978959287175106,9.152675155858914,0.9403961072100082,1.0,2.0,2.0
open_graded,default_reference,4206,1870.0,9.35,0.06666666666666667,4.0,0.26,8.889294510437072,9.135798251837693,9.281639935385277,0.9463331533931808,1.0,2.0,2.0
open_graded,default_reference,4207,1937.5,9.6875,0.06666666666666667,7.0,0.4975,8.894193458835154,8.278946767107811,8.423959495092078,1.033936179317267,1.0,2.0,2.0
open_graded,default_reference,4208,1857.0,9.285,0.0,4.0,0.3775,8.850570150236047,8.703982177208895,8.066423444920462,1.0392499369311066,1.0,1.0,1.0
open_graded,default_reference,4209,1838.0,9.19,0.3,37.0,0.285,9.042824330360578,7.6596700497030845,8.131003353860294,1.02791806779091,1.0,2.0,2.0
open_graded,default_reference,4210,1928.5,9.6425,0.06666666666666667,4.0,0.39,8.922069735229543,7.902986164827331,7.804653677954229,1.0926536681687726,2.0,1.0,0.5
open_graded,default_reference,4211,1918.5,9.5925,0.06666666666666667,4.0,0.4125,8.477732171940453,8.820151961388477,8.888016283594979,1.182018055946492,5.0,1.0,0.2
open_graded,default_reference,4212,1831.5,9.1575,0.0,4.0,0.095,9.050958713153324,8.953265891224493,8.482533299678693,1.0397643841081081,6.0,1.0,0.16666666666666666
open_graded,default_reference,4213,1869.0,9.345,0.03333333333333333,4.0,0.2675,9.05643048897011,8.160930581924568,7.862676698364594,1.0722888818178558,1.0,2.0,2.0
open_graded,default_reference,4214,1848.0,9.24,0.1,4.0,0.2775,8.91329309014318,8.547952994428329,8.306078567607033,1.105667736567794,5.0,1.0,0.2
open_graded,default_reference,4215,1863.5,9.3175,0.03333333333333333,20.0,0.4,8.906070470595221,8.304892794070437,8.733935555636771,1.1095015238218915,5.0,1.0,0.2
open_graded,default_reference,4216,1910.5,9.5525,0.13333333333333333,4.0,0.455,9.121018193426275,8.362703054954016,8.40084091029763,1.1330710904581782,8.0,1.0,0.125
open_graded,default_reference,4217,1893.5,9.4675,0.0,4.0,0.4,8.956104515745333,9.028033887109576,9.145622000640088,0.9663116846698003,2.0,2.0,1.0
open_graded,default_reference,4218,1921.0,9.605,0.03333333333333333,4.0,0.425,8.571344092847324,8.486833138002199,7.973957282755456,0.8770421046947956,1.0,1.0,1.0
open_graded,default_reference,4219,2278.0,11.39,0.0,6.0,0.69,6.871936119658289,7.1060277621572565,6.300402703828995,0.5271362758269786,1.0,3.0,3.0
open_graded,naive_high_alpha,4200,1877.0,9.385,0.03333333333333333,20.0,0.22,8.616441987530527,7.7722175028236515,8.33489736935079,1.0145164941367317,1.0,1.0,1.0
open_graded,naive_high_alpha,4201,1988.0,9.94,0.03333333333333333,4.0,0.275,8.656378733593549,8.42365228417419,8.07853531825186,1.1004964639848835,1.0,2.0,2.0
open_graded,naive_high_alpha,4202,1888.0,9.44,0.03333333333333333,4.0,0.3075,8.988212464594081,8.489664613166767,8.462800705011153,1.1384992637700155,1.0,1.0,1.0
open_graded,naive_high_alpha,4203,1871.5,9.3575,0.0,4.0,0.2625,7.522796248728646,8.867318927886114,8.794288292036018,1.267769596680933,3.0,1.0,0.3333333333333333
open_graded,naive_high_alpha,4204,1856.5,9.2825,0.03333333333333333,4.0,0.145,8.933944470170228,8.472119047347885,9.113724512395825,1.2000718974647469,1.0,2.0,2.0
open_graded,naive_high_alpha,4205,1891.5,9.4575,0.03333333333333333,4.0,0.1625,8.299556443183315,8.805956008908531,8.723281592270254,0.9984346505074391,1.0,2.0,2.0
open_graded,naive_high_alpha,4206,1885.5,9.4275,0.03333333333333333,4.0,0.23,8.475329151160345,7.826981723610562,8.99874747185077,1.1641165472636714,1.0,2.0,2.0
open_graded,naive_high_alpha,4207,2283.0,11.415,0.0,4.0,0.4925,7.213130653347796,7.15559977948094,6.839846411402197,0.6082767783842166,1.0,2.0,2.0
open_graded,naive_high_alpha,4208,1856.5,9.2825,0.0,20.0,0.3075,8.636062838413274,8.671561087852899,8.784504603157288,1.16176100547858,2.0,1.0,0.5
open_graded,naive_high_alpha,4209,1848.0,9.24,0.0,,0.31,8.099145469930512,7.596243599936137,7.749517148817871,1.0550929701086367,8.0,1.0,0.125
open_graded,naive_high_alpha,4210,1909.5,9.5475,0.36666666666666664,4.0,0.47,8.834095975883919,8.22891910749251,8.369188092310555,1.0652218513210836,2.0,1.0,0.5
open_graded,naive_high_alpha,4211,1917.5,9.5875,0.0,4.0,0.43,7.818489231675153,8.710567873603088,8.909019625850634,1.2477756851391901,1.0,2.0,2.0
open_graded,naive_high_alpha,4212,1866.0,9.33,0.0,4.0,0.165,8.397173633171498,8.639352880995324,9.244630231261796,1.099911642132195,1.0,1.0,1.0
open_graded,naive_high_alpha,4213,1854.5,9.2725,0.03333333333333333,12.0,0.3,7.949314332355661,7.215518003236303,7.648973638619763,0.9854111815946622,1.0,2.0,2.0
open_graded,naive_high_alpha,4214,1837.0,9.185,0.03333333333333333,4.0,0.31,8.745048298293916,8.595634918623206,8.494557430513986,1.0671079913231696,1.0,1.0,1.0
open_graded,naive_high_alpha,4215,1910.0,9.55,0.06666666666666667,4.0,0.41,7.754700204817384,8.798481560930222,8.888823594107071,1.0446962212061135,1.0,3.0,3.0
open_graded,naive_high_alpha,4216,1855.5,9.2775,0.16666666666666666,4.0,0.355,9.00931844299101,8.7766103669273,7.573038446865462,1.1837142375062735,4.0,1.0,0.25
open_graded,naive_high_alpha,4217,1860.0,9.3,0.36666666666666664,4.0,0.24,9.18575986659986,9.015891450590026,9.051104834023864,1.1821566005768807,1.0,1.0,1.0
open_graded,naive_high_alpha,4218,2204.5,11.0225,0.0,4.0,0.4825,7.641297376880531,8.028871298413907,7.775904150685497,0.8519777683050873,1.0,5.0,5.0
open_graded,naive_high_alpha,4219,2263.5,11.3175,0.0,11.0,0.6625,7.059102822005923,6.973493793993521,6.435663802833179,0.7400654217483352,3.0,1.0,0.3333333333333333
open_graded,naive_low_alpha,4200,1857.0,9.285,0.0,7.0,0.3475,8.781204084003443,8.747622901721526,8.715498472522585,0.34716720628045555,5.0,1.0,0.2
open_graded,naive_low_alpha,4201,1885.0,9.425,0.03333333333333333,4.0,0.3425,8.83446956505642,8.871638959362777,9.060440413115575,0.36392426025317914,3.0,1.0,0.3333333333333333
open_graded,naive_low_alpha,4202,1844.5,9.2225,0.1,55.0,0.3275,8.832240718495717,8.901880525521886,8.805030578636826,0.3415148892413292,1.0,2.0,2.0
open_graded,naive_low_alpha,4203,1879.5,9.3975,0.0,4.0,0.3,8.347746487508688,8.739885840410338,8.876790380063897,0.3724066096850026,7.0,1.0,0.14285714285714285
open_graded,naive_low_alpha,4204,2005.0,10.025,0.0,21.0,0.525,8.57593514175049,8.696768060823429,9.039702944790283,0.3426846478842771,1.0,1.0,1.0
open_graded,naive_low_alpha,4205,1869.5,9.3475,0.0,4.0,0.345,8.871478864615698,8.914795160303674,8.993620657050503,0.34259322202067843,1.0,1.0,1.0
open_graded,naive_low_alpha,4206,2164.5,10.8225,0.03333333333333333,4.0,0.62,8.245832908390092,8.46450832724976,8.42913734648559,0.22167130903797808,1.0,2.0,2.0
open_graded,naive_low_alpha,4207,1910.5,9.5525,0.03333333333333333,4.0,0.415,8.759916250327201,8.610387271940882,8.53681393238267,0.3250660615749097,2.0,2.0,1.0
open_graded,naive_low_alpha,4208,1853.0,9.265,0.03333333333333333,9.0,0.295,8.87185539578907,8.828748258789664,8.592051146545437,0.3853982938153653,4.0,4.0,1.0
open_graded,naive_low_alpha,4209,1835.0,9.175,0.06666666666666667,36.0,0.3325,8.758509044443256,8.731404079715025,8.972205377036245,0.3649681815775976,2.0,1.0,0.5
open_graded,naive_low_alpha,4210,1894.5,9.4725,0.3,4.0,0.395,8.803563368695931,8.745301018137082,8.68292118167025,0.3643004302718533,2.0,1.0,0.5
open_graded,naive_low_alpha,4211,1861.0,9.305,0.0,4.0,0.3825,8.736031335628391,8.764803204335825,8.828385470949838,0.35493628466496197,2.0,1.0,0.5
open_graded,naive_low_alpha,4212,1850.0,9.25,0.06666666666666667,4.0,0.2875,8.815907292716393,8.920440199983792,9.104311485676801,0.354080350051215,3.0,1.0,0.3333333333333333
open_graded,naive_low_alpha,4213,1890.5,9.4525,0.0,4.0,0.3775,8.63672827455781,8.590508741078615,8.814106225706293,0.3309444907737208,2.0,1.0,0.5
open_graded,naive_low_alpha,4214,1859.5,9.2975,0.03333333333333333,4.0,0.39,8.757561033606315,8.8595463153786,8.876133131874509,0.30956494928211775,2.0,1.0,0.5
open_graded,naive_low_alpha,4215,1891.0,9.455,0.0,4.0,0.37,8.853957946845016,8.793901534170441,8.785164052403587,0.3453329464042989,1.0,1.0,1.0
open_graded,naive_low_alpha,4216,1930.5,9.6525,0.03333333333333333,4.0,0.4325,8.811731618892301,8.647881763303365,8.460919979174221,0.32676832988514076,4.0,1.0,0.25
open_graded,naive_low_alpha,4217,1872.5,9.3625,0.0,60.0,0.4125,8.743201597397853,8.912365232420836,8.858720801976476,0.33339066049290256,4.0,1.0,0.25
open_graded,naive_low_alpha,4218,1932.5,9.6625,0.06666666666666667,6.0,0.47,8.469800739584558,8.55851762156367,8.481248890933166,0.33718541297428206,1.0,1.0,1.0
open_graded,naive_low_alpha,4219,1951.5,9.7575,0.0,4.0,0.59,8.57033632694533,8.461843939189292,8.542444614235674,0.28578693925375076,1.0,2.0,2.0
open_graded,no_affect,4200,1911.5,9.5575,0.03333333333333333,4.0,0.5575,8.73955822722954,8.393598898319334,8.473624319471963,,1.0,1.0,1.0
open_graded,no_affect,4201,1887.0,9.435,0.03333333333333333,4.0,0.405,8.953684580169638,8.82701803877531,9.056363287399494,,1.0,1.0,1.0
open_graded,no_affect,4202,1880.5,9.4025,0.2,8.0,0.3975,8.959511265253882,8.626647920364737,8.741801539268039,,1.0,2.0,2.0
open_graded,no_affect,4203,1878.0,9.39,0.06666666666666667,4.0,0.3975,8.67546748206488,8.608510552725804,8.75325321186662,,1.0,2.0,2.0
open_graded,no_affect,4204,1834.0,9.17,0.03333333333333333,4.0,0.2025,9.058252243000917,9.02576448997634,9.056045669750125,,1.0,2.0,2.0
open_graded,no_affect,4205,1865.5,9.3275,0.03333333333333333,4.0,0.2375,8.996708877120371,9.025675686059293,9.044119294122877,,1.0,1.0,1.0
open_graded,no_affect,4206,1891.0,9.455,0.0,4.0,0.35,8.806842505811293,8.872496344446294,8.966080443719319,,1.0,1.0,1.0
open_graded,no_affect,4207,1947.5,9.7375,0.23333333333333334,4.0,0.5075,8.870136408199382,8.44939310267358,8.355062354832627,,1.0,1.0,1.0
open_graded,no_affect,4208,1881.0,9.405,0.03333333333333333,8.0,0.4075,8.939275090022916,8.698518478031916,8.558645746199197,,2.0,1.0,0.5
open_graded,no_affect,4209,1831.5,9.1575,0.0,106.0,0.435,8.795260583399521,8.492616026526782,8.579651907612732,,2.0,1.0,0.5
open_graded,no_affect,4210,1967.0,9.835,0.03333333333333333,4.0,0.655,8.589608528558427,8.404453569016688,8.288835531517286,,1.0,2.0,2.0
open_graded,no_affect,4211,1887.0,9.435,0.13333333333333333,4.0,0.455,8.88384518695229,8.614074167279357,8.730771221085154,,2.0,1.0,0.5
open_graded,no_affect,4212,1830.5,9.1525,0.0,4.0,0.245,9.066872470066976,9.086226556942265,9.064454630042338,,2.0,2.0,1.0
open_graded,no_affect,4213,1882.0,9.41,0.03333333333333333,4.0,0.4075,8.800081886672787,8.583846833496107,8.765495225118642,,1.0,1.0,1.0
open_graded,no_affect,4214,1837.5,9.1875,0.06666666666666667,4.0,0.3825,9.040866252586168,8.894868092346337,8.816575716298521,,3.0,2.0,0.6666666666666666
open_graded,no_affect,4215,1911.5,9.5575,0.0,4.0,0.4175,8.806992712286478,8.734949964445887,8.762673369639149,,1.0,1.0,1.0
open_graded,no_affect,4216,1915.0,9.575,0.13333333333333333,4.0,0.505,8.955395298835333,8.57243295145264,8.348254451689101,,5.0,1.0,0.2
open_graded,no_affect,4217,1914.0,9.57,0.0,4.0,0.3825,8.969251667398604,8.85837447249443,8.768366038296316,,3.0,1.0,0.3333333333333333
open_graded,no_affect,4218,1961.5,9.8075,0.0,4.0,0.62,8.648574249918111,8.521092724021257,8.347976138943771,,1.0,1.0,1.0
open_graded,no_affect,4219,2158.0,10.79,0.03333333333333333,5.0,0.6425,8.35534347076032,8.341380123505548,8.317029034921488,,1.0,1.0,1.0
partner_choice,cautious_high_alpha,24200,1915.5,9.5775,0.1,4.0,0.34,8.961650403530243,9.154085831286906,9.253126892956464,0.9346693493547376,1.0,1.0,1.0
partner_choice,cautious_high_alpha,24201,1909.5,9.5475,0.0,82.0,0.3675,8.812161097893783,8.659647210658216,8.880434155551484,1.0745372316154098,1.0,2.0,2.0
partner_choice,cautious_high_alpha,24202,1829.5,9.1475,0.1,4.0,0.23,9.071272142132784,7.735591031573225,7.886621101053592,1.186831076594591,3.0,1.0,0.3333333333333333
partner_choice,cautious_high_alpha,24203,1906.0,9.53,0.06666666666666667,4.0,0.2925,9.145954460511238,8.54539137028629,7.682155515992852,1.2190864037913245,1.0,2.0,2.0
partner_choice,cautious_high_alpha,24204,1953.0,9.765,0.13333333333333333,43.0,0.1325,8.700886247501598,8.845038953562625,7.464611511511654,1.1888269230176143,1.0,1.0,1.0
partner_choice,cautious_high_alpha,24205,1825.0,9.125,0.13333333333333333,4.0,0.2175,8.001076631763976,8.84718204865744,8.761105266492148,1.3183252832255892,1.0,1.0,1.0
partner_choice,cautious_high_alpha,24206,1855.0,9.275,0.06666666666666667,5.0,0.245,9.03743393846808,7.855848310546536,8.026372495871614,1.2671064709338142,1.0,2.0,2.0
partner_choice,cautious_high_alpha,24207,1890.5,9.4525,0.06666666666666667,4.0,0.1825,9.263769524776214,9.136473450715492,8.079301258445316,1.0269571031882212,1.0,1.0,1.0
partner_choice,cautious_high_alpha,24208,1933.0,9.665,0.06666666666666667,50.0,0.2325,7.817664839736083,7.99166076798416,7.689271770120084,1.1834691127382004,1.0,1.0,1.0
partner_choice,cautious_high_alpha,24209,1878.0,9.39,0.2,15.0,0.3225,9.234602610707672,8.337229658457131,7.463087867232863,1.2273147839234078,7.0,1.0,0.14285714285714285
partner_choice,cautious_high_alpha,24210,1902.5,9.5125,0.06666666666666667,4.0,0.32,8.808640108331652,8.662459526633656,8.127853743754166,0.8985029923928236,1.0,2.0,2.0
partner_choice,cautious_high_alpha,24211,1856.0,9.28,0.03333333333333333,8.0,0.255,8.989219107340933,8.772364615067229,8.920211998935379,1.0407020109876126,1.0,1.0,1.0
partner_choice,cautious_high_alpha,24212,2195.5,10.9775,0.03333333333333333,4.0,0.6675,7.844585013507055,7.461463124835672,6.9104422434147095,0.6752063681811435,1.0,5.0,5.0
partner_choice,cautious_high_alpha,24213,1822.0,9.11,0.1,52.0,0.1275,8.93971811470846,8.303555645967604,8.95094446179051,1.3422712647390984,1.0,3.0,3.0
partner_choice,cautious_high_alpha,24214,1883.5,9.4175,0.06666666666666667,9.0,0.225,8.539306112489447,9.087948875935396,8.900989832384678,1.0520330064925978,1.0,2.0,2.0
partner_choice,cautious_high_alpha,24215,1843.0,9.215,0.03333333333333333,4.0,0.2725,9.011015112568858,8.407540122770547,8.451950253026451,1.208353901219068,1.0,1.0,1.0
partner_choice,cautious_high_alpha,24216,1895.0,9.475,0.13333333333333333,5.0,0.2375,9.227758767583067,8.337887219297668,8.959297717637652,1.2094511528486658,1.0,1.0,1.0
partner_choice,cautious_high_alpha,24217,1849.5,9.2475,0.0,68.0,0.0125,9.105724475382349,8.762740329479053,8.194549304919718,1.274068590876293,4.0,1.0,0.25
partner_choice,cautious_high_alpha,24218,1862.5,9.3125,0.16666666666666666,4.0,0.2375,8.851290084814538,8.501017218255503,8.68058323931166,1.2600514509613074,1.0,2.0,2.0
partner_choice,cautious_high_alpha,24219,1878.0,9.39,0.06666666666666667,4.0,0.1375,9.04815102349145,8.337553261575877,9.015157420315754,1.1838840092814957,1.0,2.0,2.0
partner_choice,cautious_low_alpha,24200,1890.5,9.4525,0.03333333333333333,4.0,0.3,9.27845320577123,9.006651097691606,8.983856793992844,0.3203636184391403,1.0,1.0,1.0
partner_choice,cautious_low_alpha,24201,1899.5,9.4975,0.03333333333333333,4.0,0.4,9.005678109413008,8.828886126435497,8.910525395725287,0.28229032011117994,1.0,2.0,2.0
partner_choice,cautious_low_alpha,24202,2003.0,10.015,0.03333333333333333,36.0,0.4925,8.543857394753752,8.525555253724466,8.741114567532989,0.36272768248905024,2.0,1.0,0.5
partner_choice,cautious_low_alpha,24203,1885.0,9.425,0.06666666666666667,4.0,0.48,9.258128229260533,8.783236596354453,8.740952625570403,0.27704001926689453,2.0,4.0,2.0
partner_choice,cautious_low_alpha,24204,1837.0,9.185,0.13333333333333333,4.0,0.0875,9.16315429267005,9.019891568797396,8.930837952825003,0.3967350089505966,1.0,2.0,2.0
partner_choice,cautious_low_alpha,24205,1776.0,8.88,0.06666666666666667,4.0,0.2425,9.140959013427409,8.922295106680686,8.905551034574227,0.3790748843976987,1.0,1.0,1.0
partner_choice,cautious_low_alpha,24206,1847.5,9.2375,0.0,67.0,0.265,8.84555041086987,8.919414715660587,8.939202127831226,0.38542070072313855,1.0,2.0,2.0
partner_choice,cautious_low_alpha,24207,1824.5,9.1225,0.03333333333333333,107.0,0.3375,9.277604966548603,8.812984044793758,8.848273910401907,0.3559064486415445,1.0,1.0,1.0
partner_choice,cautious_low_alpha,24208,1813.5,9.0675,0.1,4.0,0.17,9.03255602254916,8.926764993112918,8.823769767478737,0.41319596846419154,2.0,3.0,1.5
partner_choice,cautious_low_alpha,24209,1867.5,9.3375,0.0,,0.2525,8.892654512793563,8.943444674586084,8.739591324918054,0.4108606566286831,2.0,1.0,0.5
partner_choice,cautious_low_alpha,24210,1922.0,9.61,0.06666666666666667,4.0,0.29,9.144648402899424,8.97317762314673,9.172130318845918,0.3216769589043732,1.0,3.0,3.0
partner_choice,cautious_low_alpha,24211,1888.0,9.44,0.0,4.0,0.2825,9.03148143582184,8.934241488383943,8.992090061754299,0.3404109405975764,1.0,6.0,6.0
partner_choice,cautious_low_alpha,24212,1850.0,9.25,0.06666666666666667,4.0,0.3725,9.175378669960827,8.88932492924964,8.853429683398492,0.3378475995549354,1.0,1.0,1.0
partner_choice,cautious_low_alpha,24213,1843.0,9.215,0.03333333333333333,26.0,0.305,9.0838850433936,8.80766062961496,8.887612560939615,0.32664058851388367,1.0,2.0,2.0
partner_choice,cautious_low_alpha,24214,2029.0,10.145,0.0,68.0,0.47,9.181344358003912,8.59715997966512,8.934809147999525,0.31911672513752803,2.0,4.0,2.0
partner_choice,cautious_low_alpha,24215,1837.5,9.1875,0.03333333333333333,4.0,0.1575,9.163655412080049,8.932119643945192,8.84520525426433,0.3898844665837166,1.0,1.0,1.0
partner_choice,cautious_low_alpha,24216,1920.0,9.6,0.13333333333333333,66.0,0.365,9.076868455150148,8.960500339492697,8.814048309856492,0.32075048985956767,1.0,1.0,1.0
partner_choice,cautious_low_alpha,24217,1828.0,9.14,0.0,7.0,0.21,9.155962149737995,8.937105473066268,8.66722109779581,0.3739823037372305,6.0,1.0,0.16666666666666666
partner_choice,cautious_low_alpha,24218,1878.5,9.3925,0.03333333333333333,40.0,0.215,8.995228787218291,8.98084923850913,8.74085492482036,0.37718396010713096,1.0,1.0,1.0
partner_choice,cautious_low_alpha,24219,1926.5,9.6325,0.0,34.0,0.29,8.882097725079614,8.824210128983195,8.893024280070408,0.3213629408406405,1.0,2.0,2.0
partner_choice,default_reference,24200,2097.0,10.485,0.06666666666666667,22.0,0.5,8.463333634882753,8.024717063590673,8.354063377151816,1.0460303708379348,2.0,1.0,0.5
partner_choice,default_reference,24201,1869.0,9.345,0.0,4.0,0.325,9.113920862506264,8.600127359906908,8.779324640179738,1.0457171277633084,1.0,1.0,1.0
partner_choice,default_reference,24202,2038.0,10.19,0.03333333333333333,40.0,0.48,7.653465554769431,7.801113522682633,8.06137195088692,1.1303308735038002,1.0,4.0,4.0
partner_choice,default_reference,24203,1861.5,9.3075,0.03333333333333333,4.0,0.2825,9.052332416519219,8.167172307013006,8.855968191901084,1.0801209995478773,1.0,1.0,1.0
partner_choice,default_reference,24204,1896.5,9.4825,0.0,4.0,0.0925,8.378591147805194,8.190536112742542,8.734692587562472,1.2004708788562297,4.0,1.0,0.25
partner_choice,default_reference,24205,1856.0,9.28,0.0,4.0,0.19,8.104641467639047,8.64960969120707,8.704402040031287,1.254813135467092,1.0,1.0,1.0
partner_choice,default_reference,24206,1880.5,9.4025,0.0,37.0,0.105,8.961469436563554,7.827364686177706,8.327713478669908,1.2200637470529532,3.0,1.0,0.3333333333333333
partner_choice,default_reference,24207,1853.0,9.265,0.0,4.0,0.325,8.840265956038511,8.925731741304254,7.58105406539674,1.2679247171548385,1.0,1.0,1.0
partner_choice,default_reference,24208,1845.0,9.225,0.1,4.0,0.105,8.611697813055244,8.439504898509545,7.148965844892207,1.269291467483638,1.0,2.0,2.0
partner_choice,default_reference,24209,1861.0,9.305,0.0,4.0,0.32,8.998180781590385,8.086161069757619,7.532527959205994,1.2837958052250056,3.0,1.0,0.3333333333333333
partner_choice,default_reference,24210,2128.0,10.64,0.0,4.0,0.625,8.078064559397014,7.623650912657321,7.193623879926853,0.760936393843147,1.0,1.0,1.0
partner_choice,default_reference,24211,1860.0,9.3,0.03333333333333333,102.0,0.0575,9.022686346167152,8.834893251811039,7.233647115721847,1.2784653733427576,1.0,3.0,3.0
partner_choice,default_reference,24212,1857.0,9.285,0.06666666666666667,40.0,0.0275,8.956706771822276,8.502476759812764,9.025724436405916,1.2762035965904346,1.0,1.0,1.0
partner_choice,default_reference,24213,1937.5,9.6875,0.03333333333333333,27.0,0.3525,8.173530542017776,8.958970938100112,8.284035564926942,1.1529099149568802,1.0,9.0,9.0
partner_choice,default_reference,24214,1837.5,9.1875,0.0,33.0,0.2075,9.101173294025235,9.132253773858405,8.022686383727832,1.2575300854572113,1.0,1.0,1.0
partner_choice,default_reference,24215,1842.0,9.21,0.1,4.0,0.2025,9.08360332907417,8.551634085200213,9.208185747302114,1.2642985632698767,1.0,1.0,1.0
partner_choice,default_reference,24216,1883.0,9.415,0.13333333333333333,4.0,0.12,8.90175868624727,8.043550622864299,8.297511953005822,1.0522556421119778,1.0,1.0,1.0
partner_choice,default_reference,24217,1842.5,9.2125,0.0,13.0,0.215,9.03958309584294,8.043862417026833,8.836083014376074,1.2218517247547644,10.0,1.0,0.1
partner_choice,default_reference,24218,1901.0,9.505,0.0,4.0,0.2075,8.664752527417706,8.584130676523236,8.912970875167133,1.267537381468693,3.0,1.0,0.3333333333333333
partner_choice,default_reference,24219,1869.0,9.345,0.13333333333333333,,0.215,8.96770829472305,8.237993562340435,8.990322172326742,1.0534173879017177,1.0,2.0,2.0
partner_choice,naive_high_alpha,24200,1886.5,9.4325,0.03333333333333333,4.0,0.16,8.885825442746391,9.00042228143355,8.845472522566558,1.2028840479811302,1.0,1.0,1.0
partner_choice,naive_high_alpha,24201,1896.5,9.4825,0.0,4.0,0.33,8.898629911357023,8.570570587871464,8.568011655758337,1.1520737768533378,1.0,2.0,2.0
partner_choice,naive_high_alpha,24202,1861.0,9.305,0.1,6.0,0.2425,8.029068197962856,7.772773172156913,8.496966719488896,1.2011240214445662,6.0,1.0,0.16666666666666666
partner_choice,naive_high_alpha,24203,1929.0,9.645,0.0,4.0,0.39,8.360445609445968,8.4998092160498,7.749553641851572,1.082569781377533,1.0,3.0,3.0
partner_choice,naive_high_alpha,24204,1847.0,9.235,0.03333333333333333,24.0,0.0825,8.645375668762526,8.29941295447238,9.04175483636017,1.3170653267578019,2.0,2.0,1.0
partner_choice,naive_high_alpha,24205,1917.0,9.585,0.03333333333333333,4.0,0.2175,8.07487465945842,8.294948183648287,8.791226300177588,1.295894859457156,1.0,2.0,2.0
partner_choice,naive_high_alpha,24206,2019.0,10.095,0.0,4.0,0.36,7.090271960044723,8.184808277768607,7.0633330846596145,1.106525174572642,1.0,1.0,1.0
partner_choice,naive_high_alpha,24207,1850.0,9.25,0.0,19.0,0.225,8.844306046449839,8.3775296154334,9.068495135507249,1.2122499354304888,1.0,1.0,1.0
partner_choice,naive_high_alpha,24208,1913.0,9.565,0.0,24.0,0.3025,7.861835092712913,7.652281129400812,7.143845336049832,1.1591977132851712,1.0,2.0,2.0
partner_choice,naive_high_alpha,24209,1903.0,9.515,0.03333333333333333,28.0,0.3675,8.07908503434043,7.6966654654964035,7.410102307893832,1.1264670270964139,1.0,2.0,2.0
partner_choice,naive_high_alpha,24210,1892.5,9.4625,0.0,4.0,0.2875,8.260195046347684,8.963977841274117,9.17443413124561,1.233892024175967,3.0,1.0,0.3333333333333333
partner_choice,naive_high_alpha,24211,1859.0,9.295,0.0,9.0,0.195,8.697290207831955,9.186971096292762,8.01192750348116,1.2660197217868643,2.0,1.0,0.5
partner_choice,naive_high_alpha,24212,2176.0,10.88,0.1,4.0,0.61,7.749876040026827,7.251320488155361,7.394293074455378,0.960858522654638,1.0,2.0,2.0
partner_choice,naive_high_alpha,24213,1822.0,9.11,0.03333333333333333,11.0,0.1225,8.487373962505625,8.492035491102232,9.146794826367495,1.3107948566762053,1.0,3.0,3.0
partner_choice,naive_high_alpha,24214,1841.5,9.2075,0.0,10.0,0.215,9.029829355983278,9.090821362233,8.140447790865592,1.209806759276011,3.0,1.0,0.3333333333333333
partner_choice,naive_high_alpha,24215,1863.5,9.3175,0.06666666666666667,4.0,0.22,8.708631150344178,8.67071806457205,9.133063979023468,1.2752409207043716,1.0,1.0,1.0
partner_choice,naive_high_alpha,24216,1878.0,9.39,0.1,4.0,0.095,8.253386702366404,7.773603821936658,8.736767509859902,1.0759482236659292,4.0,1.0,0.25
partner_choice,naive_high_alpha,24217,1857.5,9.2875,0.0,12.0,0.1325,8.655073349834735,9.094307416683154,9.052853980219467,1.2660417292002157,2.0,2.0,1.0
partner_choice,naive_high_alpha,24218,1909.0,9.545,0.03333333333333333,4.0,0.31,8.337019722790092,8.634986497845723,8.390705946268913,1.2183447705614312,3.0,1.0,0.3333333333333333
partner_choice,naive_high_alpha,24219,1854.0,9.27,0.06666666666666667,4.0,0.28,8.45496605973822,8.5830836494856,8.732724183692572,1.2622116360015045,1.0,2.0,2.0
partner_choice,naive_low_alpha,24200,1926.5,9.6325,0.06666666666666667,4.0,0.205,8.985843044659648,8.998597434954128,9.009230471984008,0.4245330284604889,1.0,1.0,1.0
partner_choice,naive_low_alpha,24201,1865.5,9.3275,0.03333333333333333,4.0,0.28,8.868135765083082,8.852960785743353,8.87461395173099,0.3664925072271417,1.0,1.0,1.0
partner_choice,naive_low_alpha,24202,1858.5,9.2925,0.0,4.0,0.2675,8.635969570302754,8.594480327037306,8.66261296764252,0.3734311923669795,6.0,1.0,0.16666666666666666
partner_choice,naive_low_alpha,24203,1900.5,9.5025,0.0,4.0,0.3925,8.753674669384852,8.708181753170479,8.670893844432841,0.35564371038698134,8.0,1.0,0.125
partner_choice,naive_low_alpha,24204,1869.5,9.3475,0.0,75.0,0.2175,9.039174398584155,8.836985064115423,8.858192558983179,0.3884176441470154,2.0,2.0,1.0
partner_choice,naive_low_alpha,24205,1854.0,9.27,0.06666666666666667,4.0,0.1575,8.587938522726951,8.768546465138689,8.774115834645363,0.45983457995244137,1.0,1.0,1.0
partner_choice,naive_low_alpha,24206,1866.0,9.33,0.06666666666666667,4.0,0.1375,8.652121118020135,8.63053652157054,8.593770963328149,0.38225736136810523,1.0,1.0,1.0
partner_choice,naive_low_alpha,24207,1861.0,9.305,0.06666666666666667,4.0,0.22,8.927134901265903,8.949083012655827,8.89320837368782,0.38041127004051123,1.0,1.0,1.0
partner_choice,naive_low_alpha,24208,1920.0,9.6,0.06666666666666667,,0.125,8.61782525848606,8.607092316377983,8.413692925632407,0.345048976468645,1.0,3.0,3.0
partner_choice,naive_low_alpha,24209,1821.5,9.1075,0.06666666666666667,4.0,0.14,8.855157919071239,8.657111281496691,8.510768866624897,0.3955302931251652,1.0,1.0,1.0
partner_choice,naive_low_alpha,24210,1908.0,9.54,0.1,4.0,0.275,8.65402485520128,8.952684424271634,9.136036869126093,0.42773683327491874,2.0,2.0,1.0
partner_choice,naive_low_alpha,24211,1859.5,9.2975,0.03333333333333333,56.0,0.1375,8.865109539146493,8.8447008397045,8.697325721514728,0.38336434201514213,1.0,1.0,1.0
partner_choice,naive_low_alpha,24212,1865.0,9.325,0.03333333333333333,4.0,0.1875,8.689820953975401,8.655151524374872,8.930276301203676,0.43911585186401225,1.0,2.0,2.0
partner_choice,naive_low_alpha,24213,1898.0,9.49,0.06666666666666667,16.0,0.14,8.790637696006117,8.752084734190522,8.944578553120985,0.44104696172486424,2.0,1.0,0.5
partner_choice,naive_low_alpha,24214,1910.0,9.55,0.0,5.0,0.1475,8.937883093282101,8.920063630011576,8.858235415605742,0.418909693991243,1.0,2.0,2.0
partner_choice,naive_low_alpha,24215,1863.5,9.3175,0.0,4.0,0.205,8.84894414235151,8.883968796135116,8.783699906495661,0.39273594992327904,4.0,1.0,0.25
partner_choice,naive_low_alpha,24216,2126.5,10.6325,0.1,4.0,0.4875,8.917792410684116,8.45175724902925,8.710954336411852,0.26589693202285286,1.0,2.0,2.0
partner_choice,naive_low_alpha,24217,1829.0,9.145,0.03333333333333333,9.0,0.13,8.741289729931479,8.808824367677168,8.546157325978115,0.4046770301283096,3.0,2.0,0.6666666666666666
partner_choice,naive_low_alpha,24218,1909.0,9.545,0.1,4.0,0.2175,8.670670365922314,8.845687175653136,8.796924704883692,0.3706734557864967,19.0,1.0,0.05263157894736842
partner_choice,naive_low_alpha,24219,1804.0,9.02,0.13333333333333333,4.0,0.1725,8.82460592538545,8.821610264492119,8.921219365670218,0.4176615044434898,1.0,2.0,2.0
partner_choice,no_affect,24200,1943.5,9.7175,0.1,4.0,0.285,8.921799444550524,8.814881411220703,8.929467987929211,,1.0,2.0,2.0
partner_choice,no_affect,24201,1918.0,9.59,0.03333333333333333,4.0,0.32,9.020766467549326,8.854853435802804,8.877653967927706,,1.0,1.0,1.0
partner_choice,no_affect,24202,1964.5,9.8225,0.0,4.0,0.3575,8.538660585975347,8.535688318235216,8.583715678093712,,1.0,2.0,2.0
partner_choice,no_affect,24203,1852.5,9.2625,0.03333333333333333,4.0,0.43,9.038857663628098,8.685399125496927,8.594568338493769,,1.0,2.0,2.0
partner_choice,no_affect,24204,1917.0,9.585,0.03333333333333333,11.0,0.3175,9.04541704074613,8.915820615313816,8.857801011187732,,6.0,1.0,0.16666666666666666
partner_choice,no_affect,24205,1830.0,9.15,0.0,4.0,0.245,8.814669356910361,8.719449616631655,8.600284226012858,,1.0,1.0,1.0
partner_choice,no_affect,24206,1851.5,9.2575,0.0,4.0,0.2175,8.935468133555815,8.615701574658365,8.681146037771642,,1.0,2.0,2.0
partner_choice,no_affect,24207,1897.5,9.4875,0.0,,0.205,8.987428985294382,8.80816299004908,8.856442909553254,,1.0,1.0,1.0
partner_choice,no_affect,24208,1834.0,9.17,0.03333333333333333,55.0,0.1075,8.846610205305842,8.607377396118041,8.4569675627496,,1.0,2.0,2.0
partner_choice,no_affect,24209,1840.0,9.2,0.06666666666666667,28.0,0.2225,9.025881334823255,8.622185876148047,8.546530890923345,,3.0,1.0,0.3333333333333333
partner_choice,no_affect,24210,1897.5,9.4875,0.03333333333333333,4.0,0.3425,8.82028716557376,8.792434901868427,9.027615306137061,,2.0,2.0,1.0
partner_choice,no_affect,24211,1891.5,9.4575,0.0,62.0,0.16,8.95937250907129,8.740278723126565,8.714506188064458,,1.0,7.0,7.0
partner_choice,no_affect,24212,1824.5,9.1225,0.1,4.0,0.295,8.965380119615826,8.79457181472701,8.655593073019174,,1.0,1.0,1.0
partner_choice,no_affect,24213,1883.0,9.415,0.03333333333333333,27.0,0.2625,8.981596556983957,8.71738426512432,8.773148376034417,,1.0,1.0,1.0
partner_choice,no_affect,24214,1883.5,9.4175,0.03333333333333333,5.0,0.2175,9.092732060827142,8.908191138469908,8.679080460788189,,1.0,1.0,1.0
partner_choice,no_affect,24215,1889.5,9.4475,0.26666666666666666,4.0,0.1325,9.06865708974613,8.87065630391618,9.05534265917974,,1.0,1.0,1.0
partner_choice,no_affect,24216,1876.0,9.38,0.2,4.0,0.35,9.042506290767024,8.818016328893474,8.813465055574529,,1.0,2.0,2.0
partner_choice,no_affect,24217,1823.5,9.1175,0.03333333333333333,13.0,0.08,8.969699930343145,8.74253435064086,8.543388067959114,,3.0,2.0,0.6666666666666666
partner_choice,no_affect,24218,1867.5,9.3375,0.06666666666666667,4.0,0.2625,8.891096544665524,8.876463440493056,8.648928557164218,,2.0,2.0,1.0
partner_choice,no_affect,24219,1859.0,9.295,0.03333333333333333,4.0,0.24,8.896744792961485,8.838143205816342,8.992792917635567,,1.0,1.0,1.0
