experiment_id,variant_id,seed,cumulative_payoff,mean_payoff,early_exploitation_rate,betrayal_recovery_time,post_betrayal_p0_selection_rate,post_betrayal_p0_high_investment_rate,selection_gini,entropy_early,entropy_mid,entropy_late,beta_range,trust_approach_latency,trust_withdrawal_latency,trust_asymmetry
betrayal,cautious_high_alpha,14200,2421.0,12.105,0.0,,0.025,0.025,0.7475,4.2632850177256305,3.6647440429312628,3.8205362899234694,0.25873526475437547,1.0,4.0,4.0
betrayal,cautious_high_alpha,14201,1941.5,9.7075,0.0,9.0,0.725,0.25,0.465,5.377298013482634,6.671462815813254,8.237572051052656,0.6747645969318414,2.0,2.0,1.0
betrayal,cautious_high_alpha,14202,2259.5,11.2975,0.0,4.0,0.875,0.75,0.5775,4.865777620638122,5.214170412424124,4.843678797102242,0.6371530787122499,1.0,1.0,1.0
betrayal,cautious_high_alpha,14203,2245.5,11.2275,0.0,4.0,1.0,0.9,0.7275,4.7804941518708945,4.682294727552619,5.23731457303117,0.33507184244307736,2.0,2.0,1.0
betrayal,cautious_high_alpha,14204,2355.0,11.775,0.0,89.0,0.0,0.0,0.7325,4.679142160841296,4.179903366377591,3.8188480580751327,0.3321995170357482,1.0,2.0,2.0
betrayal,cautious_high_alpha,14205,2230.0,11.15,0.0,4.0,0.575,0.3,0.475,5.628961692344348,5.240282583800951,4.104467447630184,0.6898438206891748,6.0,1.0,0.16666666666666666
betrayal,cautious_high_alpha,14206,2245.0,11.225,0.0,11.0,0.525,0.4,0.4825,4.841255452866207,5.086707238597355,4.860043457976203,0.7607043570786058,1.0,1.0,1.0
betrayal,cautious_high_alpha,14207,1816.0,9.08,0.0,33.0,0.275,0.05,0.3225,8.047774263671387,8.035782532811272,8.093885034503964,0.7959825821430857,1.0,1.0,1.0
betrayal,cautious_high_alpha,14208,2350.5,11.7525,0.0,67.0,0.0,0.0,0.715,4.8665208269995,3.9668828621848164,4.170995047658537,0.35061839770966197,2.0,5.0,2.5
betrayal,cautious_high_alpha,14209,2279.5,11.3975,0.0,4.0,0.4,0.35,0.4375,5.852369166235157,4.954742591217953,4.8007348684484965,0.7704395980731518,2.0,2.0,1.0
betrayal,cautious_high_alpha,14210,2275.5,11.3775,0.0,,0.0,0.0,0.6675,7.862760616379505,3.946466071217616,3.9092817158264994,0.5624718629052633,9.0,1.0,0.1111111111111111
betrayal,cautious_high_alpha,14211,2142.5,10.7125,0.0,4.0,0.7,0.575,0.555,6.428678406124501,5.949332744678639,5.28195496438655,0.7263113300225555,1.0,4.0,4.0
betrayal,cautious_high_alpha,14212,2349.0,11.745,0.0,4.0,0.025,0.0,0.7,5.59373973432049,3.9742514453394513,4.101764482960506,0.4146002600184184,1.0,1.0,1.0
betrayal,cautious_high_alpha,14213,2325.0,11.625,0.0,4.0,0.1,0.05,0.7175,4.773109234015343,4.372560544877794,4.345363996926235,0.5017898520855403,1.0,107.0,107.0
betrayal,cautious_high_alpha,14214,2358.0,11.79,0.0,60.0,0.0,0.0,0.7175,5.861188760769353,4.051334837094586,3.5626890958541058,0.37782243435875645,5.0,1.0,0.2
betrayal,cautious_high_alpha,14215,2095.0,10.475,0.0,4.0,0.925,0.8,0.6525,5.220639757161102,5.529195894304739,6.848079413812401,0.4677168954466379,1.0,2.0,2.0
betrayal,cautious_high_alpha,14216,2174.5,10.8725,0.0,,0.05,0.05,0.485,7.828267767496329,5.287431035692024,4.383531990859829,0.8535908052008752,1.0,1.0,1.0
betrayal,cautious_high_alpha,14217,2380.5,11.9025,0.0,34.0,0.025,0.025,0.7275,4.389709009587744,4.012050385392867,3.8875653317424206,0.3021191094769339,3.0,1.0,0.3333333333333333
betrayal,cautious_high_alpha,14218,2048.5,10.2425,0.0,14.0,0.75,0.65,0.5725,6.7794393987916814,5.8894208111752615,7.041245074991966,0.720957710803087,1.0,7.0,7.0
betrayal,cautious_high_alpha,14219,2322.5,11.6125,0.0,,0.025,0.025,0.695,5.391290885467441,4.066406634399392,4.7303077060006915,0.5774190038841025,1.0,2.0,2.0
betrayal,cautious_low_alpha,14200,2330.0,11.65,0.0,,0.025,0.0,0.6725,7.314685780908629,6.259325548142721,6.215969641264174,0.25607906040813233,1.0,3.0,3.0
betrayal,cautious_low_alpha,14201,1895.0,9.475,0.0,6.0,0.625,0.275,0.47,7.415671825174927,7.564733112421701,8.100966783581976,0.3358506244600425,2.0,2.0,1.0
betrayal,cautious_low_alpha,14202,2157.0,10.785,0.0,4.0,0.825,0.725,0.5875,7.345806563612597,6.928951098002508,7.093635952241093,0.2923823013020442,1.0,1.0,1.0
betrayal,cautious_low_alpha,14203,2170.5,10.8525,0.0,4.0,1.0,0.725,0.715,7.372435952900469,6.371150467343349,6.51475688339435,0.21936659049727109,2.0,2.0,1.0
betrayal,cautious_low_alpha,14204,2304.5,11.5225,0.0,16.0,0.025,0.025,0.71,7.1313749259231285,6.148011199253674,5.823482629458304,0.221918315027618,1.0,2.0,2.0
betrayal,cautious_low_alpha,14205,1735.0,8.675,0.0,27.0,0.65,0.35,0.53,7.585199584618169,7.789021465607179,7.856919877798487,0.2963340209568559,6.0,1.0,0.16666666666666666
betrayal,cautious_low_alpha,14206,2203.0,11.015,0.0,4.0,0.325,0.225,0.48,7.296187094831205,7.039588044238246,6.890639473318803,0.39297355963610553,1.0,1.0,1.0
betrayal,cautious_low_alpha,14207,2046.5,10.2325,0.0,,0.025,0.0,0.4325,8.168459261520477,7.352489416886409,6.638024729146481,0.3546910129289322,1.0,1.0,1.0
betrayal,cautious_low_alpha,14208,2287.5,11.4375,0.0,54.0,0.0,0.0,0.7075,7.047031599163052,6.058812740126979,6.36779155414946,0.2235648799197565,2.0,5.0,2.5
betrayal,cautious_low_alpha,14209,2173.0,10.865,0.0,4.0,0.075,0.05,0.4275,8.13135047928237,7.210013384294465,6.7047026750791705,0.3701265262008773,2.0,2.0,1.0
betrayal,cautious_low_alpha,14210,2138.5,10.6925,0.0,4.0,0.1,0.05,0.6175,7.851167064043151,6.877118222408777,6.251455810584339,0.30165382167154137,9.0,1.0,0.1111111111111111
betrayal,cautious_low_alpha,14211,2135.0,10.675,0.0,,0.25,0.15,0.4675,7.8173262152692224,7.285553835112835,6.777517857906701,0.3782179892461748,1.0,2.0,2.0
betrayal,cautious_low_alpha,14212,2253.0,11.265,0.0,4.0,0.025,0.0,0.65,7.930630398473284,6.379285161634417,5.874573106549796,0.2663711427451368,1.0,1.0,1.0
betrayal,cautious_low_alpha,14213,2216.5,11.0825,0.0,4.0,0.175,0.075,0.6025,7.406199979216304,6.905177875463411,6.611209551150374,0.32340683651919494,1.0,6.0,6.0
betrayal,cautious_low_alpha,14214,2297.5,11.4875,0.0,60.0,0.0,0.0,0.7,7.548596240899346,6.13867654776958,5.742416594082173,0.24070010543435505,5.0,1.0,0.2
betrayal,cautious_low_alpha,14215,2216.0,11.08,0.0,4.0,0.9,0.75,0.5375,7.255423736998072,6.787320246009987,6.890138743648433,0.3872232874906002,1.0,2.0,2.0
betrayal,cautious_low_alpha,14216,1910.0,9.55,0.0,12.0,0.4,0.225,0.0825,8.107965180795086,8.213091093964323,8.32961740188245,0.3525252083928778,1.0,1.0,1.0
betrayal,cautious_low_alpha,14217,2310.5,11.5525,0.0,9.0,0.1,0.025,0.7075,7.240181387067987,6.207396276141244,5.843479932156629,0.23512457497365913,3.0,1.0,0.3333333333333333
betrayal,cautious_low_alpha,14218,2287.5,11.4375,0.0,,0.125,0.025,0.62,7.800792961990004,6.512512865448403,6.009244024631086,0.30996384626365187,1.0,1.0,1.0
betrayal,cautious_low_alpha,14219,2253.5,11.2675,0.0,4.0,0.05,0.0,0.62,7.6841359553870525,6.740215028953363,6.315660092966986,0.29077608662657317,1.0,2.0,2.0
betrayal,default_reference,14200,2421.0,12.105,0.0,,0.025,0.025,0.7475,4.257637531279453,3.6663750146365164,3.8229426347480193,0.131132109890153,1.0,4.0,4.0
betrayal,default_reference,14201,1918.0,9.59,0.0,7.0,0.725,0.275,0.47,6.040627868880198,6.536695603084048,8.131660650380105,0.7379257741592038,2.0,4.0,2.0
betrayal,default_reference,14202,2256.5,11.2825,0.0,4.0,0.8,0.7,0.4775,5.702332411371102,5.299799961008161,4.504008722106858,0.5893034000766786,1.0,4.0,4.0
betrayal,default_reference,14203,2287.0,11.435,0.0,4.0,0.975,0.95,0.725,4.131999410808237,4.506019064164845,5.234623955699345,0.29824824781258386,2.0,2.0,1.0
betrayal,default_reference,14204,2355.0,11.775,0.0,89.0,0.0,0.0,0.7325,4.64603629589856,4.18620359944313,3.8213543753173083,0.18631581598501393,1.0,95.0,95.0
betrayal,default_reference,14205,1791.5,8.9575,0.0,4.0,0.5,0.3,0.3775,8.037200200595993,7.815980949058574,6.434054447785171,0.9242192923931004,6.0,1.0,0.16666666666666666
betrayal,default_reference,14206,2142.0,10.71,0.0,47.0,0.65,0.525,0.6525,4.169667657407309,5.805283386188124,6.551815510396877,0.6818547394383472,1.0,23.0,23.0
betrayal,default_reference,14207,2033.0,10.165,0.0,4.0,0.85,0.65,0.6175,7.088481110317873,5.461235899431787,7.147010309118699,0.652049738324255,1.0,1.0,1.0
betrayal,default_reference,14208,2357.5,11.7875,0.0,67.0,0.0,0.0,0.7175,4.809011158370605,4.004410249268597,4.139671722342807,0.20527996019068895,2.0,4.0,2.0
betrayal,default_reference,14209,2338.5,11.6925,0.0,4.0,0.125,0.1,0.5775,5.610528141059334,4.415677049138631,4.2600169521044124,0.58844371567929,2.0,2.0,1.0
betrayal,default_reference,14210,2366.0,11.83,0.0,,0.0,0.0,0.72,5.568921585944463,4.005612640979465,3.5575301769285037,0.22573497931096523,5.0,1.0,0.2
betrayal,default_reference,14211,2314.0,11.57,0.0,,0.0,0.0,0.635,6.238671318410223,3.839827282446184,4.436641889086101,0.3786443366633597,1.0,4.0,4.0
betrayal,default_reference,14212,2330.0,11.65,0.0,,0.0,0.0,0.6775,6.309456678376514,3.8729700600194694,3.9433442675749246,0.34662953987928236,1.0,1.0,1.0
betrayal,default_reference,14213,2327.5,11.6375,0.0,32.0,0.025,0.0,0.7225,4.663799451695202,4.349437519289792,4.211219406511604,0.27562817446879884,1.0,6.0,6.0
betrayal,default_reference,14214,2263.0,11.315,0.0,60.0,0.0,0.0,0.6525,7.852842639748582,4.6935550063821765,3.6895072744660076,0.5063840607116575,5.0,1.0,0.2
betrayal,default_reference,14215,2239.5,11.1975,0.0,4.0,0.15,0.1,0.5375,5.751152650417347,4.820833529890027,4.742480839019214,0.49199016538890983,1.0,1.0,1.0
betrayal,default_reference,14216,2158.0,10.79,0.0,4.0,0.925,0.75,0.695,4.876430617496955,5.1332366200091535,6.201832958982731,0.4118474426038562,1.0,1.0,1.0
betrayal,default_reference,14217,2380.5,11.9025,0.0,34.0,0.025,0.025,0.7275,4.383172847390881,4.014965376386548,3.8896013232637223,0.17863684215950867,3.0,1.0,0.3333333333333333
betrayal,default_reference,14218,2264.0,11.32,0.0,107.0,0.0,0.0,0.68,5.332283544325326,4.750857965899586,4.814938634719271,0.44269468200775886,1.0,4.0,4.0
betrayal,default_reference,14219,2342.0,11.71,0.0,,0.0,0.0,0.7175,5.163579908759943,4.05454123531575,4.653733765818942,0.2942050968805442,1.0,5.0,5.0
betrayal,naive_high_alpha,14200,2421.5,12.1075,0.0,,0.025,0.025,0.7475,4.127344809924257,3.6694237077018834,3.8272836377055586,0.10501218730324374,1.0,4.0,4.0
betrayal,naive_high_alpha,14201,2148.0,10.74,0.0,6.0,0.45,0.275,0.5375,5.48635603575652,5.866888920913849,5.263363373486331,0.67196558704073,2.0,10.0,5.0
betrayal,naive_high_alpha,14202,2304.0,11.52,0.0,4.0,0.8,0.775,0.4825,4.570058910864213,4.939707272214982,3.9992396923903346,0.48175891300048346,1.0,7.0,7.0
betrayal,naive_high_alpha,14203,2293.5,11.4675,0.0,4.0,0.975,0.95,0.7275,3.9691091458763985,4.525671878315603,5.243393715985618,0.3151138605851665,2.0,98.0,49.0
betrayal,naive_high_alpha,14204,2354.5,11.7725,0.0,89.0,0.0,0.0,0.7325,4.479456166434526,4.200900185251038,3.8289562453304797,0.23807849514867815,1.0,95.0,95.0
betrayal,naive_high_alpha,14205,1924.5,9.6225,0.0,4.0,0.625,0.375,0.47,5.5388951878718515,6.683973314548955,7.699626483752866,0.9801318828843234,3.0,1.0,0.3333333333333333
betrayal,naive_high_alpha,14206,2302.0,11.51,0.0,,0.25,0.225,0.465,3.9659915890812725,4.662818927851369,5.208453188813557,0.7692703625552576,1.0,34.0,34.0
betrayal,naive_high_alpha,14207,2341.5,11.7075,0.0,,0.0,0.0,0.7075,5.233671735711497,3.9727192274378216,3.8148958684415857,0.2928917345476583,1.0,1.0,1.0
betrayal,naive_high_alpha,14208,2357.0,11.785,0.0,67.0,0.0,0.0,0.7175,4.657626125476606,4.011368991840946,4.148147899566787,0.22313712686770487,2.0,4.0,2.0
betrayal,naive_high_alpha,14209,2255.0,11.275,0.0,87.0,0.0,0.0,0.6575,4.982864601508162,4.358552061696049,5.8423284835264075,0.545932853124742,2.0,1.0,0.5
betrayal,naive_high_alpha,14210,2244.0,11.22,0.0,4.0,0.45,0.35,0.51,7.2930885851403415,4.572929551522717,4.277635355365185,0.693695064180782,4.0,1.0,0.25
betrayal,naive_high_alpha,14211,2342.0,11.71,0.0,,0.0,0.0,0.64,5.130641493615328,3.9000403240536126,4.75370004376056,0.48296753414708604,1.0,17.0,17.0
betrayal,naive_high_alpha,14212,2373.5,11.8675,0.0,4.0,0.025,0.0,0.685,4.191755984637152,4.160171664083436,4.2287711484963015,0.4262006417385615,1.0,17.0,17.0
betrayal,naive_high_alpha,14213,2322.5,11.6125,0.0,32.0,0.025,0.0,0.69,4.469870323066365,4.431287255903089,4.476826666792413,0.3595418167552396,1.0,24.0,24.0
betrayal,naive_high_alpha,14214,2285.5,11.4275,0.0,8.0,0.675,0.6,0.5275,4.355731517518039,5.000946305954844,4.447309705747868,0.3936005342409896,1.0,1.0,1.0
betrayal,naive_high_alpha,14215,2237.5,11.1875,0.0,4.0,0.875,0.725,0.545,4.699436571489115,5.314394421545646,5.252013318530491,0.6597714198660662,1.0,2.0,2.0
betrayal,naive_high_alpha,14216,2207.0,11.035,0.0,4.0,0.925,0.775,0.69,4.365779164392142,5.183732278379942,6.082195946147126,0.5737352023323248,1.0,1.0,1.0
betrayal,naive_high_alpha,14217,2384.0,11.92,0.0,34.0,0.025,0.025,0.7275,4.17918351473532,4.026289824504764,3.892445593060675,0.18980726141774973,3.0,1.0,0.3333333333333333
betrayal,naive_high_alpha,14218,2278.5,11.3925,0.0,,0.025,0.0,0.7225,4.230381305549414,4.7060416459630865,4.62522276990657,0.38327440989228573,1.0,36.0,36.0
betrayal,naive_high_alpha,14219,2339.0,11.695,0.0,,0.15,0.125,0.53,4.51678318121671,4.3516472989622415,4.088487569912555,0.3846425532428085,1.0,1.0,1.0
betrayal,naive_low_alpha,14200,2353.0,11.765,0.0,17.0,0.025,0.0,0.67,6.086506187347353,5.969525001084901,6.177129112039862,0.10604357866007272,1.0,2.0,2.0
betrayal,naive_low_alpha,14201,2100.5,10.5025,0.0,4.0,0.525,0.3,0.5325,6.271925980093332,7.0279744599453275,6.82053873633045,0.21541710203314177,2.0,5.0,2.5
betrayal,naive_low_alpha,14202,2241.0,11.205,0.0,,0.425,0.4,0.4725,6.245417659159968,6.708914545311326,6.864543624320261,0.19809696246349295,1.0,4.0,4.0
betrayal,naive_low_alpha,14203,2221.5,11.1075,0.0,4.0,0.975,0.7,0.7175,5.847957767741216,6.2895485651983964,6.6200173614473234,0.12223378458569256,2.0,13.0,6.5
betrayal,naive_low_alpha,14204,2311.5,11.5575,0.0,16.0,0.025,0.025,0.7125,6.265358849419032,6.08572977848769,5.794782311857831,0.09274885915507142,1.0,15.0,15.0
betrayal,naive_low_alpha,14205,1881.5,9.4075,0.0,4.0,0.7,0.425,0.465,6.8499427061903955,7.247769142912311,8.014928444818672,0.2798701560438912,3.0,1.0,0.3333333333333333
betrayal,naive_low_alpha,14206,2234.5,11.1725,0.0,4.0,0.25,0.15,0.465,6.02747395191487,6.611574494801333,6.853203490282823,0.21167412334179003,1.0,18.0,18.0
betrayal,naive_low_alpha,14207,2207.5,11.0375,0.0,45.0,0.0,0.0,0.575,6.687584412218697,6.590220702158384,6.636946224534025,0.16312465076209803,1.0,1.0,1.0
betrayal,naive_low_alpha,14208,2289.0,11.445,0.0,18.0,0.025,0.025,0.695,6.324204118144897,5.99022846936305,6.327952908784039,0.1131148944470535,2.0,4.0,2.0
betrayal,naive_low_alpha,14209,2191.0,10.955,0.0,4.0,0.5,0.425,0.36,6.92277324903906,7.071157772589361,7.390237839679548,0.2356110421360264,2.0,1.0,0.5
betrayal,naive_low_alpha,14210,2230.5,11.1525,0.0,113.0,0.0,0.0,0.6,7.384003233173862,6.455968858424016,6.7005084075888375,0.1704192971264288,5.0,1.0,0.2
betrayal,naive_low_alpha,14211,2272.5,11.3625,0.0,4.0,0.1,0.05,0.5075,6.648122506836281,6.5533536946921185,6.746075996736527,0.1997576646565247,1.0,1.0,1.0
betrayal,naive_low_alpha,14212,2292.0,11.46,0.0,4.0,0.025,0.0,0.6625,6.327906630613156,6.458076871624536,6.391440599562554,0.1179720375028614,1.0,15.0,15.0
betrayal,naive_low_alpha,14213,2259.0,11.295,0.0,7.0,0.075,0.05,0.535,6.195026794426094,6.698834960534948,6.8675428881780105,0.18603990265687098,1.0,18.0,18.0
betrayal,naive_low_alpha,14214,2083.0,10.415,0.0,26.0,0.825,0.7,0.615,6.112403128030947,6.892390376153688,7.488735135261558,0.22682401485637568,1.0,1.0,1.0
betrayal,naive_low_alpha,14215,2199.5,10.9975,0.0,4.0,0.275,0.125,0.5125,6.5231378427003435,6.878340538523833,6.424704694074659,0.20018226948105988,1.0,2.0,2.0
betrayal,naive_low_alpha,14216,2167.0,10.835,0.0,4.0,0.95,0.725,0.6225,6.469132884983794,6.752656490833093,6.832085741090088,0.18111661122323164,1.0,1.0,1.0
betrayal,naive_low_alpha,14217,2347.5,11.7375,0.0,9.0,0.05,0.0,0.7,6.0102022298628,5.9766704941225575,5.8247392557879065,0.08705595538524152,3.0,1.0,0.3333333333333333
betrayal,naive_low_alpha,14218,2209.0,11.045,0.0,4.0,0.1,0.075,0.6475,6.175255987809017,6.596199071917165,6.714439239030324,0.1608390259825196,1.0,2.0,2.0
betrayal,naive_low_alpha,14219,2269.0,11.345,0.0,4.0,0.15,0.1,0.2675,6.4659879903446935,6.897333522642929,6.888866667087843,0.19645936304484352,1.0,5.0,5.0
betrayal,no_affect,14200,2314.5,11.5725,0.0,17.0,0.025,0.0,0.65,6.88227691926327,6.651996757198429,6.85785777551249,,1.0,1.0,1.0
betrayal,no_affect,14201,1891.5,9.4575,0.0,6.0,0.675,0.25,0.47,7.1382851385944885,7.362966559494253,8.097523019207806,,2.0,4.0,2.0
betrayal,no_affect,14202,2239.5,11.1975,0.0,,0.0,0.0,0.665,7.347071890437985,6.78604331451092,6.652111464667789,,1.0,4.0,4.0
betrayal,no_affect,14203,2254.0,11.27,0.0,4.0,0.975,0.675,0.6275,6.613675010836073,6.685423199840034,7.05302000131795,,2.0,2.0,1.0
betrayal,no_affect,14204,2293.5,11.4675,0.0,16.0,0.025,0.025,0.7125,6.8292578488456455,6.452564632859135,6.388894064989973,,1.0,15.0,15.0
betrayal,no_affect,14205,1772.0,8.86,0.0,6.0,0.5,0.3,0.37,7.837989868875952,7.8786205462436225,7.7020661737129785,,6.0,1.0,0.16666666666666666
betrayal,no_affect,14206,2195.5,10.9775,0.0,4.0,0.225,0.2,0.4425,7.229120927698429,7.0990721391179195,7.258816960985772,,1.0,9.0,9.0
betrayal,no_affect,14207,2114.0,10.57,0.0,,0.225,0.125,0.4375,7.89897556447132,7.110042172344518,6.863472968547991,,1.0,1.0,1.0
betrayal,no_affect,14208,2270.5,11.3525,0.0,12.0,0.375,0.325,0.5375,6.9065012404668895,6.897463962319189,6.968574856431251,,2.0,4.0,2.0
betrayal,no_affect,14209,2206.0,11.03,0.0,4.0,0.1,0.075,0.3525,7.585860716961937,7.472199629514903,7.392625587444012,,2.0,2.0,1.0
betrayal,no_affect,14210,2229.0,11.145,0.0,113.0,0.0,0.0,0.57,7.55755303595996,6.7950702234112335,7.021412551819559,,5.0,1.0,0.2
betrayal,no_affect,14211,2221.0,11.105,0.0,4.0,0.075,0.025,0.5625,7.486781747689125,6.833210150174503,6.832664459919993,,1.0,3.0,3.0
betrayal,no_affect,14212,2259.0,11.295,0.0,4.0,0.025,0.0,0.46,7.667778081971868,6.9999588997360895,7.076498875663852,,1.0,1.0,1.0
betrayal,no_affect,14213,2237.5,11.1875,0.0,4.0,0.2,0.1,0.5075,6.899462883060629,7.105911722257211,7.141667836264904,,1.0,11.0,11.0
betrayal,no_affect,14214,2302.5,11.5125,0.0,35.0,0.025,0.025,0.6725,6.936079506665046,6.520524613815088,6.37321241238858,,5.0,1.0,0.2
betrayal,no_affect,14215,2192.5,10.9625,0.0,4.0,0.2,0.1,0.6125,7.089981999259273,6.775616130778828,6.543364935405798,,1.0,4.0,4.0
betrayal,no_affect,14216,2164.5,10.8225,0.0,5.0,0.95,0.675,0.6375,6.947863256462566,6.89016632449586,7.166797976185531,,1.0,1.0,1.0
betrayal,no_affect,14217,2332.0,11.66,0.0,9.0,0.05,0.0,0.6975,6.785487249798572,6.343992718963927,6.34156809975479,,3.0,1.0,0.3333333333333333
betrayal,no_affect,14218,2174.5,10.8725,0.0,4.0,0.1,0.025,0.62,7.2530104553236985,6.772946185983937,6.790224111066027,,1.0,4.0,4.0
betrayal,no_affect,14219,2250.0,11.25,0.0,4.0,0.075,0.025,0.465,7.282589439504027,7.185045243348252,7.088051562800407,,1.0,5.0,5.0
open_graded,cautious_high_alpha,4200,2405.0,12.025,0.0,4.0,,,0.7325,4.1970070366878405,4.0271180919678615,3.922768225807494,0.416589153663013,2.0,71.0,35.5
open_graded,cautious_high_alpha,4201,2258.5,11.2925,0.03333333333333333,4.0,,,0.63,7.925450715053413,4.410987332047663,3.7732611306415764,0.7347758757668325,2.0,1.0,0.5
open_graded,cautious_high_alpha,4202,2328.0,11.64,0.0,4.0,,,0.725,5.482391569316491,4.221739741522974,4.202124630875495,0.35971264393962854,2.0,2.0,1.0
open_graded,cautious_high_alpha,4203,1868.0,9.34,0.1,4.0,,,0.275,8.062793242912718,7.424391799087631,7.364622708821505,1.1433845296402496,3.0,1.0,0.3333333333333333
open_graded,cautious_high_alpha,4204,2338.5,11.6925,0.06666666666666667,,,,0.725,4.960526613533676,4.049513392591681,4.049632808313021,0.34865879757652274,2.0,5.0,2.5
open_graded,cautious_high_alpha,4205,2095.0,10.475,0.03333333333333333,,,,0.5875,7.999650402114094,5.573371186858792,5.412476167567377,0.586316624482283,1.0,1.0,1.0
open_graded,cautious_high_alpha,4206,2293.0,11.465,0.06666666666666667,80.0,,,0.715,4.995906614364024,4.420557326164668,4.225684331865802,0.36232418654145376,1.0,7.0,7.0
open_graded,cautious_high_alpha,4207,2340.5,11.7025,0.0,,,,0.7425,4.716133719911832,4.134736524712624,4.140623414635567,0.31179904445763473,1.0,4.0,4.0
open_graded,cautious_high_alpha,4208,2321.0,11.605,0.03333333333333333,4.0,,,0.735,4.979885567176327,4.214513563045993,3.997512076346889,0.31290014692392015,1.0,2.0,2.0
open_graded,cautious_high_alpha,4209,1833.5,9.1675,0.13333333333333333,,,,0.34,7.69404380053051,6.003458442394723,6.651000897079347,1.0136346329163515,5.0,1.0,0.2
open_graded,cautious_high_alpha,4210,1935.0,9.675,0.03333333333333333,11.0,,,0.43,7.829550173315611,6.507544970663226,5.8407601613852975,0.7709846712193635,4.0,1.0,0.25
open_graded,cautious_high_alpha,4211,2244.0,11.22,0.26666666666666666,52.0,,,0.61,6.9790525981592975,4.2911314908965,4.693186261810806,0.6106246694765255,2.0,3.0,1.5
open_graded,cautious_high_alpha,4212,1776.0,8.88,0.03333333333333333,14.0,,,0.265,7.9470677185657665,7.0089102773703305,7.341119554662166,0.9700131600447731,4.0,1.0,0.25
open_graded,cautious_high_alpha,4213,2288.5,11.4425,0.06666666666666667,4.0,,,0.52,6.696486285652473,4.067728911653223,4.530946393273296,0.6095006783426713,1.0,4.0,4.0
open_graded,cautious_high_alpha,4214,2351.5,11.7575,0.0,26.0,,,0.7125,5.255052482785245,3.975626793940934,4.178905432936776,0.5287900388256357,3.0,1.0,0.3333333333333333
open_graded,cautious_high_alpha,4215,2310.5,11.5525,0.06666666666666667,4.0,,,0.6375,6.557548032424218,3.9925250217430523,4.405711473756117,0.5333991551797772,2.0,2.0,1.0
open_graded,cautious_high_alpha,4216,2330.0,11.65,0.0,4.0,,,0.675,5.851539511382897,4.145655213973501,3.995598468997374,0.5052081489602329,1.0,1.0,1.0
open_graded,cautious_high_alpha,4217,2312.5,11.5625,0.3,4.0,,,0.6175,7.4204394586144256,4.001601766986234,3.636920646448216,0.6183023956289487,1.0,3.0,3.0
open_graded,cautious_high_alpha,4218,2319.0,11.595,0.1,4.0,,,0.685,6.083339185415752,4.191163346555691,3.7826197746872983,0.548396417585397,1.0,1.0,1.0
open_graded,cautious_high_alpha,4219,2400.5,12.0025,0.0,4.0,,,0.735,4.248347760018475,4.1362011427509024,3.5339281345865436,0.28436083698720205,2.0,73.0,36.5
open_graded,cautious_low_alpha,4200,2316.0,11.58,0.0,4.0,,,0.6975,7.201449012755139,6.048871673390128,6.137970219574651,0.23423468842472414,2.0,5.0,2.5
open_graded,cautious_low_alpha,4201,2201.5,11.0075,0.0,4.0,,,0.63,8.102582231448427,6.495242269611587,6.234489271341706,0.2913307816993525,2.0,1.0,0.5
open_graded,cautious_low_alpha,4202,2243.5,11.2175,0.03333333333333333,4.0,,,0.71,7.338044186252789,6.357324618936448,6.0634013593105855,0.2272769082159089,2.0,2.0,1.0
open_graded,cautious_low_alpha,4203,1785.5,8.9275,0.06666666666666667,4.0,,,0.5125,8.087355812911841,7.703923466901361,7.853750120203391,0.27891533331386337,3.0,1.0,0.3333333333333333
open_graded,cautious_low_alpha,4204,2209.5,11.0475,0.06666666666666667,50.0,,,0.6025,7.458628602344901,6.67351802060998,7.355723463265925,0.29920774616742024,2.0,5.0,2.5
open_graded,cautious_low_alpha,4205,1844.0,9.22,0.03333333333333333,4.0,,,0.405,8.033724141185452,7.917525100603899,8.09926458182997,0.32103722080947966,1.0,1.0,1.0
open_graded,cautious_low_alpha,4206,2211.0,11.055,0.06666666666666667,31.0,,,0.6975,7.131900293891672,6.508339128636224,6.216889894481195,0.22077094558519,1.0,7.0,7.0
open_graded,cautious_low_alpha,4207,2309.5,11.5475,0.03333333333333333,4.0,,,0.6625,7.610781213872766,5.9804570708647145,5.7538663000738905,0.269753748204762,1.0,3.0,3.0
open_graded,cautious_low_alpha,4208,2249.0,11.245,0.03333333333333333,4.0,,,0.6075,7.512761918467232,6.929529122318331,6.966831987079753,0.33531794095065504,1.0,2.0,2.0
open_graded,cautious_low_alpha,4209,1834.5,9.1725,0.13333333333333333,5.0,,,0.33,8.25596321809184,7.810785325599064,7.790106887526677,0.35703529107788334,5.0,1.0,0.2
open_graded,cautious_low_alpha,4210,1975.5,9.8775,0.03333333333333333,4.0,,,0.5625,7.943244250580694,7.536881708583735,6.8068782312768175,0.3033200467618363,4.0,1.0,0.25
open_graded,cautious_low_alpha,4211,2191.0,10.955,0.26666666666666666,35.0,,,0.5875,7.779257543176943,6.723052062600716,6.202580718219059,0.3067052441630179,2.0,3.0,1.5
open_graded,cautious_low_alpha,4212,1786.5,8.9325,0.03333333333333333,8.0,,,0.43,7.959599577943789,7.915355393071768,7.910650710151117,0.2873728997294057,4.0,1.0,0.25
open_graded,cautious_low_alpha,4213,2235.5,11.1775,0.03333333333333333,4.0,,,0.53,7.740103075074955,6.968138664175517,6.7002130856251645,0.3581015751989408,1.0,4.0,4.0
open_graded,cautious_low_alpha,4214,2125.5,10.6275,0.06666666666666667,4.0,,,0.5375,7.963158206751176,7.354825327807536,6.343090124145161,0.3310034994557677,3.0,1.0,0.3333333333333333
open_graded,cautious_low_alpha,4215,2232.0,11.16,0.06666666666666667,4.0,,,0.6225,7.756080467662395,6.391110473671316,6.139642657324767,0.2867431734159036,2.0,2.0,1.0
open_graded,cautious_low_alpha,4216,2263.0,11.315,0.0,4.0,,,0.655,7.5843669638035776,6.320436656894767,6.055256081007279,0.2718636482038007,1.0,1.0,1.0
open_graded,cautious_low_alpha,4217,2166.5,10.8325,0.3,54.0,,,0.56,7.961422001180467,6.999886845075034,6.901112719937993,0.32905977757618093,1.0,3.0,3.0
open_graded,cautious_low_alpha,4218,2203.0,11.015,0.1,4.0,,,0.6675,7.4925513241916875,6.429208076403967,5.740013254884659,0.25859590256689213,1.0,1.0,1.0
open_graded,cautious_low_alpha,4219,2331.0,11.655,0.0,4.0,,,0.7075,6.92869995745093,6.2558775072371215,5.7202241166541805,0.23192375667153092,2.0,5.0,2.5
open_graded,default_reference,4200,2402.0,12.01,0.0,4.0,,,0.7425,4.147318692669959,3.9432784124783877,3.9833079632840502,0.1424058838343303,2.0,4.0,2.0
open_graded,default_reference,4201,2259.5,11.2975,0.03333333333333333,4.0,,,0.64,8.00412600398989,4.195255171750195,3.6832662297680594,0.6713120044369671,2.0,1.0,0.5
open_graded,default_reference,4202,2316.0,11.58,0.0,4.0,,,0.7225,5.50442764156292,4.335756415215416,4.129370287070261,0.23292918959317505,2.0,2.0,1.0
open_graded,default_reference,4203,1757.0,8.785,0.06666666666666667,4.0,,,0.3725,7.8965100169516305,7.282253892784222,7.601348170556861,0.9890107548382305,3.0,1.0,0.3333333333333333
open_graded,default_reference,4204,2349.5,11.7475,0.1,,,,0.7225,5.067007154923695,4.051235065581207,4.063440073050001,0.16135220022169428,2.0,6.0,3.0
open_graded,default_reference,4205,1793.0,8.965,0.03333333333333333,4.0,,,0.18,8.078532749240715,7.453248773134159,7.466553311260667,0.7967746532312361,1.0,1.0,1.0
open_graded,default_reference,4206,2286.5,11.4325,0.06666666666666667,77.0,,,0.705,4.968166737112255,4.4471016955233384,4.098192455223937,0.26508108470392233,1.0,7.0,7.0
open_graded,default_reference,4207,2340.0,11.7,0.0,,,,0.7425,4.700867966321723,4.136214516046932,4.135713613015287,0.18976657582910217,1.0,4.0,4.0
open_graded,default_reference,4208,2321.5,11.6075,0.03333333333333333,4.0,,,0.735,4.936606805791718,4.231312906847523,4.016163320581789,0.16714197388787,1.0,2.0,2.0
open_graded,default_reference,4209,2122.5,10.6125,0.1,4.0,,,0.44,7.464096646146434,5.133292345947942,3.8029291350224774,0.7951526132910965,6.0,1.0,0.16666666666666666
open_graded,default_reference,4210,2371.0,11.855,0.03333333333333333,4.0,,,0.725,5.1432679334569436,3.8095889382220003,3.6155445496434417,0.18390843482966776,4.0,1.0,0.25
open_graded,default_reference,4211,2211.5,11.0575,0.26666666666666666,,,,0.595,7.739184310413103,4.6292163466328615,3.9156262063299683,0.6156175933807634,2.0,3.0,1.5
open_graded,default_reference,4212,2292.0,11.46,0.0,9.0,,,0.7075,5.59908036756494,4.281769700846077,4.1584363578577435,0.2980212654261376,4.0,1.0,0.25
open_graded,default_reference,4213,2296.0,11.48,0.03333333333333333,,,,0.695,6.072355160944056,4.258755294021103,4.054613496432992,0.3524193002579737,1.0,3.0,3.0
open_graded,default_reference,4214,2378.0,11.89,0.03333333333333333,4.0,,,0.735,4.895699358126929,3.817589810652679,4.01382612670372,0.18633544609713362,3.0,1.0,0.3333333333333333
open_graded,default_reference,4215,2350.0,11.75,0.0,4.0,,,0.715,5.079159627343171,3.9514198122956103,4.3260603113651435,0.2638388641432765,2.0,2.0,1.0
open_graded,default_reference,4216,2324.5,11.6225,0.03333333333333333,4.0,,,0.675,5.761839799141347,4.074742284793324,3.9663242197113213,0.376508945762363,1.0,1.0,1.0
open_graded,default_reference,4217,2266.0,11.33,0.16666666666666666,,,,0.715,4.941388253054948,4.848805051040247,4.652541045016013,0.3472269514050624,1.0,3.0,3.0
open_graded,default_reference,4218,2284.5,11.4225,0.13333333333333333,4.0,,,0.66,6.295051478496524,4.3356462009340575,3.817911674637513,0.44718329064482415,1.0,1.0,1.0
open_graded,default_reference,4219,2401.5,12.0075,0.0,4.0,,,0.735,4.20424749339388,4.148778494472212,3.544707112813604,0.16303875209811364,2.0,73.0,36.5
open_graded,naive_high_alpha,4200,2403.0,12.015,0.0,4.0,,,0.7425,3.9368893622462395,3.972410336742592,4.112816328984557,0.13008687003845973,2.0,17.0,8.5
open_graded,naive_high_alpha,4201,2416.0,12.08,0.0,4.0,,,0.71,4.717608889183942,3.928068183285798,3.566185453233552,0.213885096990691,2.0,17.0,8.5
open_graded,naive_high_alpha,4202,2296.0,11.48,0.06666666666666667,4.0,,,0.6875,5.826035267824315,4.504661481458373,4.006471773925364,0.4308699515179562,2.0,6.0,3.0
open_graded,naive_high_alpha,4203,1885.0,9.425,0.03333333333333333,4.0,,,0.29,7.047954339272951,7.4572421091429115,7.845855164437686,0.9172668817082027,4.0,1.0,0.25
open_graded,naive_high_alpha,4204,2354.0,11.77,0.06666666666666667,,,,0.725,4.477972202130035,4.01762340393314,4.0801341504409265,0.24549594656036017,2.0,49.0,24.5
open_graded,naive_high_alpha,4205,2261.5,11.3075,0.03333333333333333,13.0,,,0.685,5.523257544216131,4.607136088850322,4.174426794377192,0.43315422591648667,1.0,1.0,1.0
open_graded,naive_high_alpha,4206,1928.5,9.6425,0.43333333333333335,4.0,,,0.42,7.563349458091022,7.261244887967868,8.196263732674833,1.0036731769822032,1.0,3.0,3.0
open_graded,naive_high_alpha,4207,2339.0,11.695,0.0,,,,0.7425,4.52029664103826,4.1444806000300085,4.141018007037426,0.230285982764686,1.0,38.0,38.0
open_graded,naive_high_alpha,4208,2327.0,11.635,0.03333333333333333,4.0,,,0.73,4.826819458246073,4.287150900599947,4.042314593059982,0.19381145221207427,1.0,2.0,2.0
open_graded,naive_high_alpha,4209,1802.0,9.01,0.43333333333333335,4.0,,,0.4275,7.552019752072316,7.5272479100607335,7.820570803889137,1.032158621142074,5.0,1.0,0.2
open_graded,naive_high_alpha,4210,2394.5,11.9725,0.0,4.0,,,0.74,4.508804654126601,3.85790731012863,3.675391440690372,0.14096069390625493,3.0,1.0,0.3333333333333333
open_graded,naive_high_alpha,4211,2237.5,11.1875,0.13333333333333333,4.0,,,0.63,7.484401174668753,4.54197905454156,3.6984585283583327,0.6443568113128357,2.0,3.0,1.5
open_graded,naive_high_alpha,4212,2308.0,11.54,0.0,22.0,,,0.705,4.635947235690236,4.624268316882362,4.132082910226693,0.37915818600271095,4.0,1.0,0.25
open_graded,naive_high_alpha,4213,2363.0,11.815,0.03333333333333333,4.0,,,0.725,4.738416180667715,3.9882583268527645,3.6903791813709454,0.1789310427477588,1.0,3.0,3.0
open_graded,naive_high_alpha,4214,2382.5,11.9125,0.03333333333333333,4.0,,,0.7375,4.75988937918533,3.7794955024351484,4.019686586539256,0.21495778736249385,3.0,1.0,0.3333333333333333
open_graded,naive_high_alpha,4215,2342.0,11.71,0.03333333333333333,4.0,,,0.715,4.998487370669662,3.953971234704099,4.330371019550413,0.3054024406188209,2.0,3.0,1.5
open_graded,naive_high_alpha,4216,2328.5,11.6425,0.03333333333333333,4.0,,,0.6775,5.608062249498992,4.087843391392347,3.9787888900811907,0.4454529023022858,1.0,1.0,1.0
open_graded,naive_high_alpha,4217,2286.0,11.43,0.13333333333333333,4.0,,,0.4675,5.22816074588148,4.792728512041004,5.006299483136959,0.5258165829554693,1.0,3.0,3.0
open_graded,naive_high_alpha,4218,2282.0,11.41,0.3333333333333333,4.0,,,0.6325,6.703792125301785,4.319490791334958,3.664326072666955,0.4191969253991017,1.0,1.0,1.0
open_graded,naive_high_alpha,4219,2402.5,12.0125,0.0,4.0,,,0.7325,3.9762535193136013,4.15469816125773,3.526243281567458,0.2569842144327353,2.0,73.0,36.5
open_graded,naive_low_alpha,4200,2328.5,11.6425,0.0,11.0,,,0.535,6.469924807545181,6.5210180694758515,6.483678092161084,0.12924681243997402,2.0,6.0,3.0
open_graded,naive_low_alpha,4201,2256.0,11.28,0.03333333333333333,4.0,,,0.655,7.644687266732675,6.150605564943298,6.0531519393146915,0.14850681262173765,2.0,2.0,1.0
open_graded,naive_low_alpha,4202,2256.0,11.28,0.0,4.0,,,0.525,6.731448743412898,6.7227086159347955,6.873406884906087,0.1473321074574234,2.0,5.0,2.5
open_graded,naive_low_alpha,4203,1869.0,9.345,0.03333333333333333,4.0,,,0.3475,7.65015285799348,7.688447235737572,7.706609402514558,0.2890830968997627,4.0,1.0,0.25
open_graded,naive_low_alpha,4204,2336.5,11.6825,0.1,12.0,,,0.4875,6.336750704528149,6.423704504998874,6.813669435320984,0.1448746400336449,2.0,6.0,3.0
open_graded,naive_low_alpha,4205,2218.5,11.0925,0.03333333333333333,13.0,,,0.67,6.989425238759989,6.387974729756348,6.429912352506314,0.13975184312784614,1.0,1.0,1.0
open_graded,naive_low_alpha,4206,2171.5,10.8575,0.4,4.0,,,0.525,7.431234575246492,6.814791158260139,6.5236220760288335,0.22800930349757043,1.0,3.0,3.0
open_graded,naive_low_alpha,4207,2273.5,11.3675,0.0,64.0,,,0.6275,6.253483325626759,6.448186622963906,6.598512430674602,0.11849358784226627,1.0,35.0,35.0
open_graded,naive_low_alpha,4208,2249.0,11.245,0.03333333333333333,4.0,,,0.5875,6.66080996026351,6.716838395401485,6.721554179090074,0.13325347654964262,1.0,2.0,2.0
open_graded,naive_low_alpha,4209,1850.5,9.2525,0.43333333333333335,4.0,,,0.4275,7.52011088252555,7.6256422881368255,8.039598420933533,0.28645963980664324,6.0,1.0,0.16666666666666666
open_graded,naive_low_alpha,4210,2329.5,11.6475,0.0,4.0,,,0.695,6.3824987882738755,6.086421295989225,5.835875809380287,0.09601516168364105,3.0,1.0,0.3333333333333333
open_graded,naive_low_alpha,4211,1881.5,9.4075,0.13333333333333333,4.0,,,0.3675,7.960778142196898,7.754977099794915,8.078950780805375,0.3370987321694955,2.0,3.0,1.5
open_graded,naive_low_alpha,4212,2259.0,11.295,0.0,11.0,,,0.66,6.51878027681183,6.530334601215999,6.377278852697417,0.13509320830025776,4.0,1.0,0.25
open_graded,naive_low_alpha,4213,2280.0,11.4,0.03333333333333333,4.0,,,0.71,6.378728213569677,6.275099802278654,6.13171595831415,0.09554962696972213,1.0,3.0,3.0
open_graded,naive_low_alpha,4214,2254.0,11.27,0.0,4.0,,,0.66,6.978086520500809,6.146257726607733,6.537910806776281,0.1403665749265443,3.0,1.0,0.3333333333333333
open_graded,naive_low_alpha,4215,2287.0,11.435,0.03333333333333333,9.0,,,0.69,6.411667300418018,6.1354237004768235,6.291377610574869,0.11113229078409076,2.0,2.0,1.0
open_graded,naive_low_alpha,4216,2268.0,11.34,0.0,4.0,,,0.655,6.615705353329462,6.251929071726916,6.0223120207713805,0.1415629254366502,1.0,1.0,1.0
open_graded,naive_low_alpha,4217,2220.5,11.1025,0.16666666666666666,52.0,,,0.57,6.620964236089114,6.646839651504831,6.6761504579900155,0.1750287537963488,1.0,3.0,3.0
open_graded,naive_low_alpha,4218,2246.0,11.23,0.1,4.0,,,0.6525,6.921302067931627,6.232482528287026,5.765081011419968,0.13162611040935265,1.0,1.0,1.0
open_graded,naive_low_alpha,4219,2341.0,11.705,0.0,4.0,,,0.7,5.887392048353792,6.273238120332902,5.880918221828706,0.11131411149071688,2.0,34.0,17.0
open_graded,no_affect,4200,2302.5,11.5125,0.0,4.0,,,0.69,6.888853804965723,6.505162070305277,6.476622436425369,,2.0,9.0,4.5
open_graded,no_affect,4201,2160.5,10.8025,0.03333333333333333,4.0,,,0.5675,7.997553892170156,6.933937531708964,6.632547203128852,,2.0,1.0,0.5
open_graded,no_affect,4202,2256.5,11.2825,0.0,4.0,,,0.6975,7.001464160144202,6.5700057284360405,6.46446783708182,,2.0,2.0,1.0
open_graded,no_affect,4203,1786.0,8.93,0.06666666666666667,4.0,,,0.38,7.876148941365338,7.782453796648854,7.621659696423442,,3.0,1.0,0.3333333333333333
open_graded,no_affect,4204,2241.0,11.205,0.16666666666666666,12.0,,,0.4525,7.104528260699385,7.290981091710428,7.410828706381291,,2.0,6.0,3.0
open_graded,no_affect,4205,1833.5,9.1675,0.03333333333333333,13.0,,,0.425,8.053737576327567,7.729617291666253,8.064903511036801,,1.0,1.0,1.0
open_graded,no_affect,4206,2204.0,11.02,0.06666666666666667,31.0,,,0.68,6.855697513920677,6.622606302301575,6.518962835529395,,1.0,7.0,7.0
open_graded,no_affect,4207,2320.5,11.6025,0.0,4.0,,,0.525,6.90320904942807,6.986035376018387,6.924870565415127,,1.0,4.0,4.0
open_graded,no_affect,4208,2214.5,11.0725,0.03333333333333333,4.0,,,0.6575,7.188428068707591,6.9315381250896975,6.844048427236995,,1.0,2.0,2.0
open_graded,no_affect,4209,1857.0,9.285,0.1,4.0,,,0.3075,8.026417788202927,7.661811137977277,7.594756194925534,,6.0,1.0,0.16666666666666666
open_graded,no_affect,4210,2298.5,11.4925,0.03333333333333333,4.0,,,0.68,6.925711099999123,6.445213695963497,6.375121484342365,,4.0,1.0,0.25
open_graded,no_affect,4211,2064.0,10.32,0.13333333333333333,4.0,,,0.4425,7.913145741831803,7.2799431990449825,6.876081424297882,,2.0,3.0,1.5
open_graded,no_affect,4212,2202.0,11.01,0.06666666666666667,10.0,,,0.625,7.29409778395497,6.815801003469967,6.505941816836771,,4.0,1.0,0.25
open_graded,no_affect,4213,2217.0,11.085,0.03333333333333333,,,,0.6675,7.198789171272288,6.6200457761698726,6.64268605729983,,1.0,3.0,3.0
open_graded,no_affect,4214,2237.5,11.1875,0.0,4.0,,,0.665,7.277265309467316,6.700762840802787,6.701127226761221,,3.0,1.0,0.3333333333333333
open_graded,no_affect,4215,2274.5,11.3725,0.0,9.0,,,0.6875,6.9245862159179055,6.568742760132989,6.57976393035857,,2.0,2.0,1.0
open_graded,no_affect,4216,2250.5,11.2525,0.0,4.0,,,0.655,7.193475506795127,6.622323589365749,6.461499760990271,,1.0,1.0,1.0
open_graded,no_affect,4217,2190.0,10.95,0.26666666666666666,52.0,,,0.595,7.433208563795321,7.017073805425697,7.056452445930871,,1.0,3.0,3.0
open_graded,no_affect,4218,2241.0,11.205,0.13333333333333333,4.0,,,0.655,7.353684966264695,6.504411788085762,6.316370698715733,,1.0,1.0,1.0
open_graded,no_affect,4219,2334.5,11.6725,0.0,4.0,,,0.7075,6.640071150722483,6.572133640600619,6.303935913314919,,2.0,9.0,4.5
partner_choice,cautious_high_alpha,24200,2163.5,10.8175,0.0,4.0,,,0.475,5.885339994151435,6.037347214468514,5.88104836532736,0.979491510385095,4.0,1.0,0.25
partner_choice,cautious_high_alpha,24201,2123.0,10.615,0.0,55.0,,,0.535,7.733912339078598,5.063108281014815,7.9067011088416255,0.690113484411746,1.0,1.0,1.0
partner_choice,cautious_high_alpha,24202,2082.0,10.41,0.06666666666666667,61.0,,,0.6025,5.902494622707333,5.963525631486719,7.024410187168131,0.9989425675078725,3.0,3.0,1.0
partner_choice,cautious_high_alpha,24203,2157.5,10.7875,0.0,44.0,,,0.6125,5.031558668054647,4.958615331960484,7.696483970623218,0.6552413296181376,2.0,2.0,1.0
partner_choice,cautious_high_alpha,24204,2012.5,10.0625,0.0,47.0,,,0.3275,6.822074304304132,6.980943015659227,6.67743851406157,0.9736847433970439,2.0,5.0,2.5
partner_choice,cautious_high_alpha,24205,2193.0,10.965,0.23333333333333334,,,,0.625,7.4549835612373885,4.685927446556297,5.350211589599173,0.8597829153211382,1.0,1.0,1.0
partner_choice,cautious_high_alpha,24206,2023.0,10.115,0.0,4.0,,,0.43,5.698522801268456,6.535416471860654,7.672892270589474,1.047594895415384,3.0,1.0,0.3333333333333333
partner_choice,cautious_high_alpha,24207,2203.5,11.0175,0.03333333333333333,45.0,,,0.5325,6.924497534691377,5.384102661700882,5.295025594726179,0.8244609352202118,1.0,1.0,1.0
partner_choice,cautious_high_alpha,24208,1826.5,9.1325,0.03333333333333333,45.0,,,0.28,7.8915792057901974,6.58020444731775,6.011629546155779,1.1168568069895972,2.0,1.0,0.5
partner_choice,cautious_high_alpha,24209,2034.5,10.1725,0.06666666666666667,19.0,,,0.5175,7.173727168770523,6.197163564387497,7.140142035038814,0.7871644207104038,2.0,1.0,0.5
partner_choice,cautious_high_alpha,24210,1895.5,9.4775,0.0,32.0,,,0.31,7.712292346023008,7.790987484826275,7.940109703516497,1.0709167717518235,2.0,2.0,1.0
partner_choice,cautious_high_alpha,24211,2151.5,10.7575,0.03333333333333333,4.0,,,0.5575,6.579907660491249,5.9467335410686815,4.6313653006491196,0.8643618428465452,1.0,1.0,1.0
partner_choice,cautious_high_alpha,24212,2263.5,11.3175,0.2,4.0,,,0.69,5.987097249783493,4.899992316942622,4.8563067988443684,0.48508271647346096,5.0,1.0,0.2
partner_choice,cautious_high_alpha,24213,2002.5,10.0125,0.0,13.0,,,0.5225,5.6146210371075576,7.677613743507987,6.998547236472797,1.0290470076954685,1.0,39.0,39.0
partner_choice,cautious_high_alpha,24214,2168.0,10.84,0.0,,,,0.425,7.556480117586984,5.135720476612379,5.7246754698056055,0.6798365761244269,1.0,5.0,5.0
partner_choice,cautious_high_alpha,24215,2040.5,10.2025,0.03333333333333333,4.0,,,0.4125,5.743273114403399,6.838691095858352,6.237851955622535,1.0333754136895457,2.0,16.0,8.0
partner_choice,cautious_high_alpha,24216,1875.0,9.375,0.06666666666666667,4.0,,,0.055,8.128878529394154,6.961766340089693,6.2835830833816955,1.1204466087904925,2.0,1.0,0.5
partner_choice,cautious_high_alpha,24217,1842.5,9.2125,0.03333333333333333,5.0,,,0.205,8.228011507362341,6.816339650140302,7.452387174618797,1.192783183252048,1.0,2.0,2.0
partner_choice,cautious_high_alpha,24218,2254.5,11.2725,0.03333333333333333,4.0,,,0.6475,5.5864909717624815,5.322723613372472,4.822644972376979,0.6115127001476801,1.0,1.0,1.0
partner_choice,cautious_high_alpha,24219,2045.0,10.225,0.16666666666666666,4.0,,,0.45,7.99609970842785,7.261446325258022,4.651226495259961,0.5363445512863875,4.0,3.0,0.75
partner_choice,cautious_low_alpha,24200,2012.5,10.0625,0.03333333333333333,4.0,,,0.4775,7.542779691636087,7.321811568982536,8.049807693308912,0.343394842630772,4.0,1.0,0.25
partner_choice,cautious_low_alpha,24201,2120.5,10.6025,0.0,82.0,,,0.55,7.762698430324023,6.779245595083975,7.6427487021349645,0.31856287330121213,1.0,1.0,1.0
partner_choice,cautious_low_alpha,24202,2045.0,10.225,0.06666666666666667,69.0,,,0.635,7.633386087267806,6.982206694332789,7.4544677629058045,0.2775434243202017,3.0,3.0,1.0
partner_choice,cautious_low_alpha,24203,2148.0,10.74,0.0,7.0,,,0.5975,7.2936537170758085,6.759957531347113,8.102015820787845,0.2994030556111762,2.0,2.0,1.0
partner_choice,cautious_low_alpha,24204,1867.0,9.335,0.03333333333333333,12.0,,,0.385,8.262935168577071,7.892587378205607,7.821207405877754,0.3348801304265751,2.0,2.0,1.0
partner_choice,cautious_low_alpha,24205,2158.0,10.79,0.23333333333333334,,,,0.6275,7.8690121192586515,6.708527992259223,6.673266324118451,0.2917983656581644,1.0,1.0,1.0
partner_choice,cautious_low_alpha,24206,1991.5,9.9575,0.0,4.0,,,0.46,7.421320368176221,7.398993252710949,7.758384941759531,0.38262757461729385,3.0,1.0,0.3333333333333333
partner_choice,cautious_low_alpha,24207,2204.0,11.02,0.03333333333333333,7.0,,,0.5725,7.994852659383432,7.039753747753061,6.439594273644113,0.32051367344081644,1.0,1.0,1.0
partner_choice,cautious_low_alpha,24208,1892.5,9.4625,0.06666666666666667,,,,0.335,8.069708594540305,7.560390641111227,7.866482637840128,0.39241004650156686,2.0,1.0,0.5
partner_choice,cautious_low_alpha,24209,2026.0,10.13,0.06666666666666667,12.0,,,0.5575,7.8507342309332815,7.12549943712044,7.368184149054786,0.325011882676579,2.0,1.0,0.5
partner_choice,cautious_low_alpha,24210,1865.5,9.3275,0.0,4.0,,,0.4725,8.018215479473337,7.970977921578845,7.893136611728101,0.2675550549212359,2.0,2.0,1.0
partner_choice,cautious_low_alpha,24211,2187.5,10.9375,0.03333333333333333,4.0,,,0.655,7.774649569526677,6.868263281998532,6.4018811069733665,0.27388222294631803,1.0,1.0,1.0
partner_choice,cautious_low_alpha,24212,1828.5,9.1425,0.06666666666666667,17.0,,,0.3475,8.064175490905132,7.914591849190316,7.886889166345095,0.3793760878664988,5.0,1.0,0.2
partner_choice,cautious_low_alpha,24213,1924.0,9.62,0.0,13.0,,,0.5425,7.452081664997872,7.798279360647752,7.934119411496916,0.29784459430793797,1.0,7.0,7.0
partner_choice,cautious_low_alpha,24214,1910.0,9.55,0.0,4.0,,,0.28,7.88343640238963,8.127959495091808,7.99319894349031,0.35611813026235145,1.0,5.0,5.0
partner_choice,cautious_low_alpha,24215,1882.5,9.4125,0.13333333333333333,4.0,,,0.2825,7.873570658103411,7.856076323990409,7.856612241443286,0.3874278203506842,2.0,5.0,2.5
partner_choice,cautious_low_alpha,24216,2134.5,10.6725,0.03333333333333333,4.0,,,0.5675,7.754376277206115,7.2114894513556544,7.088751961301943,0.3134067725806739,2.0,4.0,2.0
partner_choice,cautious_low_alpha,24217,2001.0,10.005,0.03333333333333333,,,,0.47,8.182329830520816,7.281400015110506,7.6167145074107365,0.34296169489026435,1.0,2.0,2.0
partner_choice,cautious_low_alpha,24218,2181.5,10.9075,0.03333333333333333,16.0,,,0.625,7.465209084690919,7.055229399797582,6.401087832671286,0.2976376024012958,1.0,1.0,1.0
partner_choice,cautious_low_alpha,24219,1812.5,9.0625,0.1,4.0,,,0.23,8.153500200055827,8.090274795301555,8.054072542702539,0.3394487200874271,4.0,3.0,0.75
partner_choice,default_reference,24200,2273.0,11.365,0.06666666666666667,10.0,,,0.4125,5.653104263697316,5.306357198705528,4.647382425837154,0.5743017509694377,4.0,1.0,0.25
partner_choice,default_reference,24201,2124.0,10.62,0.03333333333333333,63.0,,,0.515,7.358664357082461,4.828957761597298,7.558682494640094,0.6518353541753839,1.0,1.0,1.0
partner_choice,default_reference,24202,2056.5,10.2825,0.06666666666666667,69.0,,,0.525,6.690505513927302,5.827414744895548,7.007727190689967,0.7210545258678768,3.0,3.0,1.0
partner_choice,default_reference,24203,2205.0,11.025,0.0,44.0,,,0.57,4.976070213298435,5.081035221479606,7.174218484533932,0.8013130101416487,2.0,16.0,8.0
partner_choice,default_reference,24204,2127.0,10.635,0.0,,,,0.2275,6.605578704513103,6.276988395414974,6.134809381520672,0.8244451389159129,2.0,2.0,1.0
partner_choice,default_reference,24205,1819.5,9.0975,0.03333333333333333,4.0,,,0.15,7.628402752182999,7.361080493921935,7.822906107776342,1.0164549067509054,1.0,1.0,1.0
partner_choice,default_reference,24206,2167.0,10.835,0.03333333333333333,4.0,,,0.43,5.2081133902544074,5.904963547687049,6.68235140573682,0.7359206803670005,1.0,1.0,1.0
partner_choice,default_reference,24207,2115.0,10.575,0.03333333333333333,,,,0.34,8.08269800697465,4.906833647025738,7.4717226254962785,0.8721321568026681,1.0,1.0,1.0
partner_choice,default_reference,24208,2086.5,10.4325,0.2,72.0,,,0.4675,5.995705400977037,7.113412347431011,6.157903166239571,0.8035278318104587,2.0,1.0,0.5
partner_choice,default_reference,24209,2157.5,10.7875,0.03333333333333333,85.0,,,0.595,6.460295451381902,5.678448697317934,5.630650176812039,0.7065880990403098,2.0,1.0,0.5
partner_choice,default_reference,24210,2132.5,10.6625,0.0,95.0,,,0.5175,7.668544068475254,5.000398825638166,7.018867101134847,0.8562765178144571,2.0,2.0,1.0
partner_choice,default_reference,24211,2204.0,11.02,0.06666666666666667,4.0,,,0.5925,6.714566318369077,5.5862954574655035,4.24642219383464,0.738124294973042,1.0,1.0,1.0
partner_choice,default_reference,24212,2274.0,11.37,0.2,4.0,,,0.6875,6.000237808911287,4.884917495565023,4.86388875747418,0.36228365011590385,4.0,1.0,0.25
partner_choice,default_reference,24213,1957.5,9.7875,0.0,13.0,,,0.41,5.551113491808469,7.463160016217342,7.45160021580987,0.8210077624458856,1.0,32.0,32.0
partner_choice,default_reference,24214,2262.0,11.31,0.0,11.0,,,0.475,5.645990839970458,5.788940530964219,4.742604741670752,0.6515458691018295,1.0,15.0,15.0
partner_choice,default_reference,24215,2044.5,10.2225,0.03333333333333333,4.0,,,0.3825,5.721486792788537,6.833947898878395,6.514986155813861,0.8687564313888541,2.0,16.0,8.0
partner_choice,default_reference,24216,1933.5,9.6675,0.3,4.0,,,0.185,7.870696971628245,7.094471456734559,6.158230713441026,0.8185406280329061,2.0,1.0,0.5
partner_choice,default_reference,24217,1817.0,9.085,0.03333333333333333,5.0,,,0.17,8.12763930339229,7.192927489692818,6.6243292106990745,1.0074303893302414,1.0,2.0,2.0
partner_choice,default_reference,24218,2253.0,11.265,0.06666666666666667,7.0,,,0.625,5.473397913521352,5.259581664708864,4.842381978220883,0.4966674232142976,1.0,4.0,4.0
partner_choice,default_reference,24219,2040.5,10.2025,0.1,4.0,,,0.3875,7.7583868397904725,6.9208088570115605,5.219100102084335,0.7329088181207223,4.0,3.0,0.75
partner_choice,naive_high_alpha,24200,2220.0,11.1,0.06666666666666667,105.0,,,0.45,6.256397153044052,5.17600924741942,5.2808406575595885,0.48046452477404555,4.0,1.0,0.25
partner_choice,naive_high_alpha,24201,2129.0,10.645,0.0,63.0,,,0.4975,7.46318387554818,4.8757908828678005,7.184470409178196,0.7094546707437506,1.0,1.0,1.0
partner_choice,naive_high_alpha,24202,2080.0,10.4,0.03333333333333333,27.0,,,0.425,5.069243946553508,5.826111160111705,6.669244397705219,0.6446592941659878,3.0,3.0,1.0
partner_choice,naive_high_alpha,24203,2208.5,11.0425,0.0,66.0,,,0.575,4.8598444108886465,5.074717264871527,6.802994207751633,0.7319866122299457,2.0,16.0,8.0
partner_choice,naive_high_alpha,24204,2046.5,10.2325,0.0,19.0,,,0.3525,6.426293076014738,6.300026743097897,6.847442840968528,0.7114286403754441,2.0,23.0,11.5
partner_choice,naive_high_alpha,24205,2250.5,11.2525,0.03333333333333333,13.0,,,0.5075,5.682737476743346,4.901895509792061,5.709867801880323,0.5155609594463791,1.0,1.0,1.0
partner_choice,naive_high_alpha,24206,2160.5,10.8025,0.03333333333333333,4.0,,,0.3875,4.787839348271432,5.875059595295028,7.31589465879352,0.9124626426255174,1.0,1.0,1.0
partner_choice,naive_high_alpha,24207,1876.5,9.3825,0.03333333333333333,6.0,,,0.29,7.051059792736108,7.928771823520799,8.056445949021617,0.96427521024813,1.0,1.0,1.0
partner_choice,naive_high_alpha,24208,2096.5,10.4825,0.2,10.0,,,0.445,5.761094779487791,6.640779553941762,5.972588358118348,0.7453587482221784,2.0,1.0,0.5
partner_choice,naive_high_alpha,24209,2043.5,10.2175,0.06666666666666667,65.0,,,0.4075,5.842961986593719,6.382890417120124,6.825805124770518,0.7410351810873202,2.0,1.0,0.5
partner_choice,naive_high_alpha,24210,2135.0,10.675,0.03333333333333333,,,,0.29,6.52652816881951,6.482874181545123,6.098237876867162,0.8862308078874203,1.0,2.0,2.0
partner_choice,naive_high_alpha,24211,2195.5,10.9775,0.03333333333333333,6.0,,,0.6,5.606544104180062,6.063467587204245,4.8564446421361485,0.6823864766560309,1.0,1.0,1.0
partner_choice,naive_high_alpha,24212,2270.0,11.35,0.23333333333333334,4.0,,,0.6725,5.717599651925504,4.8711829327239675,4.957388384431781,0.4323708602256376,4.0,1.0,0.25
partner_choice,naive_high_alpha,24213,1973.0,9.865,0.0,12.0,,,0.4075,5.375598708852106,7.472247118108576,7.493652595106336,0.9043874261531721,1.0,32.0,32.0
partner_choice,naive_high_alpha,24214,2256.5,11.2825,0.0,73.0,,,0.275,5.627827194292771,5.531361543964925,5.185398312960752,0.6181205188672736,1.0,9.0,9.0
partner_choice,naive_high_alpha,24215,2077.5,10.3875,0.5,4.0,,,0.5125,7.15174626212534,5.6693314095620675,7.90090538770647,0.8360723700899606,2.0,6.0,3.0
partner_choice,naive_high_alpha,24216,2216.5,11.0825,0.36666666666666664,4.0,,,0.5475,6.823932504531118,4.420112152940455,6.542239490486759,0.7830596288269951,2.0,3.0,1.5
partner_choice,naive_high_alpha,24217,2065.0,10.325,0.03333333333333333,4.0,,,0.375,7.139570066574168,6.145355022859089,7.144002528710546,1.0420836050049893,1.0,3.0,3.0
partner_choice,naive_high_alpha,24218,2263.5,11.3175,0.06666666666666667,7.0,,,0.5775,4.899420623018103,5.712926759636947,4.19438609449931,0.6448944119632407,1.0,4.0,4.0
partner_choice,naive_high_alpha,24219,2033.0,10.165,0.16666666666666666,4.0,,,0.4025,7.3197594693090435,7.098226662321249,5.365116602502406,0.846789539136284,4.0,3.0,0.75
partner_choice,naive_low_alpha,24200,2063.5,10.3175,0.06666666666666667,25.0,,,0.5075,7.226901691104169,7.04856272163672,7.781324954654384,0.2603592186075334,4.0,1.0,0.25
partner_choice,naive_low_alpha,24201,2096.5,10.4825,0.03333333333333333,68.0,,,0.565,7.415685039554196,6.57923645785302,7.639461062619464,0.23236151165314808,1.0,1.0,1.0
partner_choice,naive_low_alpha,24202,2086.0,10.43,0.06666666666666667,29.0,,,0.57,6.564432957120596,6.971750517177777,7.570828931233416,0.22396988766748235,3.0,3.0,1.0
partner_choice,naive_low_alpha,24203,2133.5,10.6675,0.0,58.0,,,0.565,6.504870688601704,6.686824800518256,7.812597324593416,0.24211546397443792,2.0,10.0,5.0
partner_choice,naive_low_alpha,24204,2026.5,10.1325,0.0,,,,0.17,6.919041810266042,7.704586349770073,7.898892864441861,0.35599179490354693,2.0,28.0,14.0
partner_choice,naive_low_alpha,24205,2183.5,10.9175,0.0,4.0,,,0.6175,6.780312008809711,6.877898775956484,7.070567141458631,0.17158033818882015,1.0,1.0,1.0
partner_choice,naive_low_alpha,24206,2172.5,10.8625,0.03333333333333333,4.0,,,0.435,6.454251999768427,6.999152757775075,7.278258841695231,0.250639437655091,1.0,1.0,1.0
partner_choice,naive_low_alpha,24207,1941.5,9.7075,0.06666666666666667,13.0,,,0.3775,7.373189635774258,7.66805494038651,7.994821292188548,0.32796968248352054,1.0,1.0,1.0
partner_choice,naive_low_alpha,24208,2066.0,10.33,0.16666666666666666,,,,0.3525,6.993828432290218,7.570281219140611,7.8644880005869,0.3122125976184459,2.0,4.0,2.0
partner_choice,naive_low_alpha,24209,2136.0,10.68,0.06666666666666667,4.0,,,0.36,6.960719131883901,7.1407007870260815,6.940632311093391,0.2752421820106336,2.0,1.0,0.5
partner_choice,naive_low_alpha,24210,1896.0,9.48,0.03333333333333333,4.0,,,0.385,7.6768560568016655,7.67419738463096,7.977773180278389,0.3052953250520256,1.0,2.0,2.0
partner_choice,naive_low_alpha,24211,2141.5,10.7075,0.03333333333333333,,,,0.575,6.86766784225783,7.1462538246911524,6.790665574664277,0.21938661824753453,1.0,1.0,1.0
partner_choice,naive_low_alpha,24212,2212.0,11.06,0.2,4.0,,,0.6675,6.995463982614068,6.69443657948978,6.67252059912013,0.1402650104585731,4.0,1.0,0.25
partner_choice,naive_low_alpha,24213,2005.5,10.0275,0.03333333333333333,12.0,,,0.4875,6.822603673439824,7.690867674513698,7.538514140827807,0.25560781519247,1.0,8.0,8.0
partner_choice,naive_low_alpha,24214,2191.0,10.955,0.0,4.0,,,0.595,7.482773512496366,7.056044085267788,6.7300643525173465,0.19502924753849946,1.0,1.0,1.0
partner_choice,naive_low_alpha,24215,1923.0,9.615,0.4666666666666667,86.0,,,0.3875,7.578380754615374,7.594959037983314,7.806692913108343,0.30725510690283786,2.0,7.0,3.5
partner_choice,naive_low_alpha,24216,2184.0,10.92,0.06666666666666667,30.0,,,0.57,6.816931753677767,6.734788605815421,7.360788952382375,0.2144838519432317,2.0,1.0,0.5
partner_choice,naive_low_alpha,24217,1793.5,8.9675,0.03333333333333333,4.0,,,0.045,7.861916413286136,7.7480662849168365,7.678240662105598,0.3488137086178633,1.0,2.0,2.0
partner_choice,naive_low_alpha,24218,2208.0,11.04,0.06666666666666667,7.0,,,0.6075,6.570262923995774,6.641224416419607,6.62913002598661,0.1772875020806427,1.0,4.0,4.0
partner_choice,naive_low_alpha,24219,1842.0,9.21,0.06666666666666667,4.0,,,0.2325,7.779950800234185,7.928991721718905,7.962970021813716,0.3500793794198002,4.0,3.0,0.75
partner_choice,no_affect,24200,2213.5,11.0675,0.06666666666666667,4.0,,,0.435,7.493081928196192,7.218043625530049,7.250795806056942,,4.0,1.0,0.25
partner_choice,no_affect,24201,2096.5,10.4825,0.03333333333333333,63.0,,,0.6,7.541712637630169,6.918648743882085,7.529456069222744,,1.0,1.0,1.0
partner_choice,no_affect,24202,2073.0,10.365,0.06666666666666667,61.0,,,0.63,7.02310816976844,7.106387541825882,7.3855769390055785,,3.0,3.0,1.0
partner_choice,no_affect,24203,2120.0,10.6,0.03333333333333333,7.0,,,0.5825,6.986440565550509,7.0258723462015515,7.893493022225145,,2.0,5.0,2.5
partner_choice,no_affect,24204,2109.5,10.5475,0.03333333333333333,,,,0.35,7.777590514968288,7.389866623402062,7.474442862010013,,2.0,5.0,2.5
partner_choice,no_affect,24205,1806.5,9.0325,0.03333333333333333,4.0,,,0.2825,8.045930181819593,7.929887043320892,7.736596869328269,,1.0,1.0,1.0
partner_choice,no_affect,24206,2190.0,10.95,0.03333333333333333,4.0,,,0.445,7.231181320290347,7.378642053864977,7.034338757275766,,1.0,1.0,1.0
partner_choice,no_affect,24207,2077.0,10.385,0.03333333333333333,,,,0.3725,7.799339552405176,7.13719328522686,7.619845965395138,,1.0,1.0,1.0
partner_choice,no_affect,24208,1810.5,9.0525,0.06666666666666667,85.0,,,0.16,8.016315388026152,7.808122027555512,7.630924749223558,,2.0,1.0,0.5
partner_choice,no_affect,24209,2125.0,10.625,0.03333333333333333,76.0,,,0.5875,7.528851100322686,7.026752203663795,6.9707736658936685,,2.0,1.0,0.5
partner_choice,no_affect,24210,2034.5,10.1725,0.0,4.0,,,0.5175,7.88741532438009,7.3841805124071245,7.275190316132272,,2.0,2.0,1.0
partner_choice,no_affect,24211,2193.5,10.9675,0.03333333333333333,4.0,,,0.6425,7.517996847796739,6.842127296441168,6.760670338173366,,1.0,1.0,1.0
partner_choice,no_affect,24212,2208.5,11.0425,0.06666666666666667,4.0,,,0.67,7.524329983159049,6.8629313807457155,6.910982272768732,,4.0,1.0,0.25
partner_choice,no_affect,24213,1948.0,9.74,0.0,13.0,,,0.48,7.19382517046683,7.738581093794357,7.821996412106124,,1.0,7.0,7.0
partner_choice,no_affect,24214,2179.0,10.895,0.0,4.0,,,0.51,7.524533398759923,7.439719063979505,7.102904239548848,,1.0,5.0,5.0
partner_choice,no_affect,24215,1805.5,9.0275,0.1,112.0,,,0.165,8.042867018317333,7.928416080574343,7.835061080172879,,2.0,5.0,2.5
partner_choice,no_affect,24216,1871.0,9.355,0.3,4.0,,,0.3075,7.966362443708621,7.880022439841342,7.79244864501132,,2.0,1.0,0.5
partner_choice,no_affect,24217,1803.0,9.015,0.03333333333333333,,,,0.105,8.075690751018946,7.77262682972102,7.6247800534359955,,1.0,2.0,2.0
partner_choice,no_affect,24218,2196.0,10.98,0.06666666666666667,7.0,,,0.6325,7.198000648368293,6.886578066545848,6.8184886717383595,,1.0,4.0,4.0
partner_choice,no_affect,24219,1809.5,9.0475,0.06666666666666667,4.0,,,0.2575,7.998847403148431,7.954965946260244,7.907246138910349,,4.0,3.0,0.75
