experiment_id,variant_id,seed,cumulative_payoff,mean_payoff,early_exploitation_rate,betrayal_recovery_time,selection_gini,entropy_early,entropy_mid,entropy_late,beta_range,discrimination_index,concentration_toward_p0,false_positive_rate,p0_beta_range,p1_beta_range,p2_beta_range,p3_beta_range,p0_beta_r050,p0_beta_r100,p0_beta_r150,p0_beta_r200,p1_beta_r050,p1_beta_r100,p1_beta_r150,p1_beta_r200,p2_beta_r050,p2_beta_r100,p2_beta_r150,p2_beta_r200,p3_beta_r050,p3_beta_r100,p3_beta_r150,p3_beta_r200,p0_selection_r050,p0_selection_r100,p0_selection_r150,p0_selection_r200
mixed_volatility,default_reference,4200,2244.5,11.2225,0.03333333333333333,10.0,0.6825,7.156490601604666,6.997568534252954,7.545398237283052,0.39640779126925174,0.7346395893315858,0.915,0.0,1.0111510494467046,0.0994246763818265,0.15214427556977117,0.32291116367870487,0.5164868887143471,0.5170009372945129,0.9877563099865185,0.5385496110095549,1.041662552452642,1.0994246763818265,1.0471433034015398,1.0471433034015398,1.0113385224140803,0.9652912096403075,0.8591942468443091,0.8591942468443091,1.1048307725185724,1.1553322380946889,1.2996586842874795,1.1624882857346959,0.95,0.9,0.95,0.8947368421052632
mixed_volatility,default_reference,4201,2064.5,10.3225,0.0,4.0,0.5825,7.743139923096169,7.548580878541294,8.924510246938357,0.8584265796168858,-0.7719459994974003,0.13,0.436241610738255,1.042000826094103,0.4710680981402837,0.527708534007304,1.3929288602258527,1.1407148845231354,1.665172003937394,1.7712156002448194,1.8373707684203873,0.9988441236581911,1.3709983865879405,1.3709983865879405,1.3250364963602257,1.0892529048224606,1.0227678883960742,0.8163464738523094,0.8406252075852725,0.516578469957337,0.736329844871303,1.5272860845980025,1.9089939486536465,0.05,0.2,0.0,0.3157894736842105
mixed_volatility,default_reference,4202,1959.0,9.795,0.06666666666666667,85.0,0.3625,9.117925246987667,8.079393548654885,8.957795286749413,1.1065073571208872,-0.2347183019325638,0.24,0.8590604026845637,0.9014421724495889,1.0536501542599086,1.383475780967632,1.0874613208064194,1.7871334378189758,1.7352810028036958,1.6980296803668569,1.654470477804396,0.7922691634362888,0.7922691634362888,0.9686172044706786,1.5715991469957118,0.8875428338332552,1.1172984077701318,1.6253177414457358,0.5957054364630379,1.4993000643102294,1.4993000643102294,1.540338223268797,0.5305948867686469,0.35,0.1,0.15,0.15789473684210525
mixed_volatility,default_reference,4203,1870.0,9.35,0.03333333333333333,4.0,0.1825,9.096685226542089,9.078251056092762,9.092421278223583,1.077482385168797,0.6808014780623856,0.305,0.0738255033557047,1.2341764324071656,1.1627704931698029,1.0952222030189636,0.8177604120792558,1.25724506917229,1.5949048592799857,1.3547813325233442,1.5266482861007447,0.6927219827929427,1.0076728881496142,1.5837582466252786,1.5837582466252786,1.3679534761764207,1.7139569148100464,1.42877563172294,0.6217109623508706,1.7851479804456158,1.6035470917500394,1.5028477850129152,1.3983797071683473,0.25,0.55,0.15,0.42105263157894735
mixed_volatility,default_reference,4204,2099.0,10.495,0.03333333333333333,65.0,0.5825,7.556005066762537,7.329877313747392,9.085510199353683,0.8175045868899862,0.12465109452541127,0.08,0.6375838926174496,0.9488580706490161,0.04166255245264194,0.885164697229832,1.3943330272284546,1.1200326622201358,1.1200326622201358,1.2351788659444547,1.6805994438714857,1.041662552452642,1.041662552452642,1.041662552452642,1.0358418473912694,1.6464994913423365,1.8121106546601433,1.7739927214803695,1.7813613484686774,0.6430168560319393,0.5170140643490031,0.8392307859928498,1.8671586151058739,0.0,0.0,0.05,0.2631578947368421
mixed_volatility,default_reference,4205,1862.5,9.3125,0.0,20.0,0.3275,9.054010219043906,9.068943082728138,8.66803126777539,1.0415400762957923,-0.9477043257400674,0.17,0.3624161073825503,0.8166516976316588,0.9864347979957063,1.078882831915346,1.2841909776404576,1.4675747617257513,1.6985827292286122,1.6650494042236514,1.703898322580244,1.4730771474405517,1.536634108737254,1.536634108737254,1.3557345581012166,1.535540161973481,1.582855293445453,1.3152081253404933,0.5796295696149196,1.6630214708169624,1.3968026023739866,0.6255012869862329,0.5575015044000742,0.05,0.1,0.2,0.21052631578947367
mixed_volatility,default_reference,4206,2053.5,10.2675,0.0,58.0,0.4525,7.277101819348414,7.452943648999531,9.120646815566229,1.0400034779811698,0.7850876059006296,0.045,0.6174496644295302,0.5861815226427552,0.8211774111623231,1.3733817857441957,1.3792731923754045,1.0922729298127822,1.0922729298127822,1.1665777182758386,1.4600927399813235,1.015106328541905,0.6740394212977588,1.414387726156348,1.414387726156348,1.0358793911499222,1.5551690253498904,1.8891201862253586,1.5039755285330356,0.5167185077460035,1.3165105975322011,0.9933643188410873,1.1860088072252113,0.0,0.0,0.05,0.15789473684210525
mixed_volatility,default_reference,4207,1891.5,9.4575,0.03333333333333333,4.0,0.385,9.071835265777315,8.630939618520811,8.558691173984712,0.9111589338719537,-0.38190928887832837,0.405,0.6845637583892618,0.9831973868508831,0.70022985379426,1.3554925963160915,0.6057158985265805,1.6195098764694944,1.7977969087602261,1.7275722328459302,1.397135815231216,0.919789365440836,0.7879380021122464,0.5211947189007486,1.1215597000914053,1.099852183539296,1.6360169881187467,0.59504842433892,0.7823945918679744,0.8221141033759658,1.3460622407789737,1.3460622407789737,1.3460622407789737,0.5,0.45,0.15,0.3157894736842105
mixed_volatility,default_reference,4208,2032.5,10.1625,0.06666666666666667,11.0,0.405,8.649337514112409,8.159472185032762,9.074781462036448,1.028985961425543,0.9375385366546859,0.535,0.0,1.4041673620465938,0.4208669107916325,1.3672821617285271,0.9236274111354188,0.6500425831999079,1.5302083674723366,1.5103951913822369,1.7682621138425214,1.2676757444446458,1.2676757444446458,1.1205130982657097,0.9535193697956332,1.1954091954084252,1.3028651021773654,1.7823220547852894,1.62958908756394,1.4480702659972031,1.4927803302265397,0.8022114422989439,0.7692619916986241,0.5,0.35,0.55,0.6842105263157895
mixed_volatility,default_reference,4209,1790.5,8.9525,0.0,33.0,0.4275,8.891934769078365,8.874743870575456,8.063031291025736,1.033485368396406,0.15643343710739002,0.06,0.785234899328859,0.7282035240784093,0.8376709750767322,1.3189744027495776,1.2490925716809052,1.4811645278311008,1.3991424037403197,1.3843890134723367,0.8894083850263863,0.7907665097016048,1.5046139991066685,1.5046139991066685,1.3899933830592839,1.7874750008882172,1.5836881978968682,0.59532693853116,1.1906094621856982,1.6118091526334597,1.7015062023987593,1.5999524714005848,0.5949252021835566,0.2,0.0,0.1,0.05263157894736842
mixed_volatility,default_reference,4210,1950.0,9.75,0.0,4.0,0.5125,7.705807415512172,8.219507335624405,9.0528980591554,1.0625797288733874,0.20996849789629835,0.105,0.5704697986577181,0.8140263090635439,0.8723285497179951,1.4081782520373345,1.155785804674676,1.0703925392829448,1.278171533000991,1.6538179532507162,1.5233659354926274,1.041662552452642,1.041662552452642,1.0064699355680875,1.45876268491356,0.612677712310523,1.5683961900704044,1.8864781795457972,1.0252919302524541,1.3602523377870468,1.6191059170264959,1.715860596525791,1.047965324134483,0.0,0.05,0.2,0.2631578947368421
mixed_volatility,default_reference,4211,1900.5,9.5025,0.0,4.0,0.445,8.640180337621192,8.446779462874488,8.91898546325981,1.0199083481785713,-0.5342091516229017,0.67,0.15436241610738255,1.353281588830357,1.0461387455197289,0.8308536420604041,0.8493594163037955,1.500403136249795,1.788859296933827,1.675985217829758,1.0534347810121085,0.5185478473801663,0.9869612473624786,1.563589062081496,0.981579788439599,0.9609628005985731,1.0003162113794288,1.3223357738716854,1.1609243165309098,0.8691766507602564,1.590380619504307,1.559585277658426,1.1734625280325615,0.65,0.65,0.5,0.47368421052631576
mixed_volatility,default_reference,4212,1876.5,9.3825,0.03333333333333333,4.0,0.345,8.734065940415693,9.127880408209766,8.923778683233731,1.1175129532638044,-0.06884475388745526,0.205,0.40268456375838924,0.8386559119614441,0.9701172513104409,1.2738935845058594,1.3873850652774737,1.6527359575973994,1.6525923068094317,1.409587422885346,1.424777548150925,1.0358418473912694,1.4491375769095267,0.8302762433847233,1.620354879487914,1.5055549755368725,1.6688189014567012,1.7305217378306639,0.5463813057410652,1.8105243840127039,1.7896580354204672,1.7217235893588967,0.6064448962417828,0.15,0.1,0.25,0.21052631578947367
mixed_volatility,default_reference,4213,1832.0,9.16,0.03333333333333333,4.0,0.38,9.08994386899475,9.030991904612359,8.514792011788387,1.0033069020845213,-0.8946961862226949,0.2,0.436241610738255,0.7954204589871238,0.6631500864139279,1.3503623219125314,1.2042947410245024,1.4530655694522066,1.792642408318397,1.3760475455508512,1.7293118025311802,1.4023984199005686,1.286059989894899,1.126889631532602,1.5061223566460953,1.713464841888041,1.641119348080225,0.549147959199236,0.601020245464101,1.5329525923761347,1.723796599522663,1.1883240818176677,0.9273783157256501,0.25,0.5,0.05,0.10526315789473684
mixed_volatility,default_reference,4214,2145.5,10.7275,0.0,4.0,0.475,8.231084911026214,8.057917212450995,7.762174327971635,0.6623832726067529,0.9152660093519444,0.485,0.03355704697986577,0.9300342010720262,0.04166255245264194,0.2832152541353321,1.3946210827670111,0.7948639506450492,1.4462061181202586,0.5167983591640303,0.9621175869906595,1.041662552452642,1.041662552452642,1.041662552452642,1.041662552452642,1.0113385224140803,1.2324069185811286,1.217449974008664,1.217449974008664,0.6270640473381666,1.8103267559173843,1.820889736484095,0.7638544654109851,0.15,0.75,0.9,0.5263157894736842
mixed_volatility,default_reference,4215,1990.5,9.9525,0.03333333333333333,67.0,0.445,8.772111262407945,7.281056053657442,8.188445618425341,0.8344853148971837,-0.05395215212327462,0.115,0.7046979865771812,1.0043412175141033,0.5832449981851434,0.37189183101711054,1.3784632128723775,0.7134103375501136,1.6989008928775287,1.6411657375886177,1.6414894681499286,0.6406847832010174,0.5178528728124745,0.5173996396425768,1.1005769492565909,1.3712178550610277,1.3712178550610277,1.2121691869594229,1.073915105168946,1.6035079448810146,0.5160874650460744,1.3830717600390476,1.822111597179196,0.25,0.0,0.15,0.10526315789473684
mixed_volatility,default_reference,4216,1870.0,9.35,0.0,4.0,0.3575,8.76056315354281,9.144609683791778,9.072378580932158,1.0257364279892451,0.7077928342414603,0.215,0.33557046979865773,1.0095435203822993,0.7915589704942957,1.3839434787665303,0.9178997423138548,0.8418117950451902,1.7179808508286118,1.5655751902521944,1.5582855789070829,1.041662552452642,1.17066336831502,0.7117263446882772,1.1386950149138109,0.6486949317811449,1.7436451951600134,1.6219456890909565,0.5749032814721098,1.2661496418640805,1.5232227581890128,1.6346006434277232,1.6219084581597407,0.1,0.3,0.2,0.15789473684210525
mixed_volatility,default_reference,4217,2268.5,11.3425,0.0,4.0,0.675,7.1440526730976845,7.028129025984811,6.353706954993571,0.49491207706477625,0.9588578384309719,0.905,0.0,1.042204203428422,0.04281842879445086,0.4093081646966955,0.4853175113395366,0.5191144150747958,0.5381334524357234,0.5164923410895955,1.0185062710001995,0.9988441236581911,0.9988441236581911,0.9988441236581911,0.9988441236581911,1.0922729298127822,1.4008864848033413,1.3715813569883974,1.3715813569883974,1.0406016444661423,1.3433803516385292,1.4846435353834537,1.2898548862148211,1.0,0.85,1.0,0.8947368421052632
mixed_volatility,default_reference,4218,1880.0,9.4,0.03333333333333333,6.0,0.4275,8.53761523173676,8.870646753410561,7.789245501870494,0.9914447725591414,-0.23985544448368298,0.595,0.8993288590604027,1.3786081785561102,0.861704704426036,0.6789303830482296,1.0465358242061895,0.9320211428552122,1.816204817121618,1.7006406777839282,1.701777724643296,1.041662552452642,1.041662552452642,0.9464199953294767,1.4150920770852389,0.9569207525036827,0.8731846659545552,0.5280967601259817,0.5174697044284249,1.0925523813425446,1.7055729894747054,1.6059963285548973,1.1937206435311485,1.0,0.6,0.55,0.15789473684210525
mixed_volatility,default_reference,4219,1949.0,9.745,0.06666666666666667,52.0,0.4,8.771910330749584,9.011804286760446,8.735829516318265,1.1280110021472192,0.3441199601100642,0.525,0.4429530201342282,1.3873339588669698,0.4488482522883752,1.2892749231139593,1.3865868743195724,1.2595713077490542,1.8880181777038818,1.0726156157331745,0.6595579273609575,1.015106328541905,1.015106328541905,0.9384902909805071,0.5928143001642667,1.7940031333259472,1.684436577942769,1.4729319788846558,1.3555634820893891,1.0695230304621948,1.7000515581747129,1.7813331623058426,0.9328280900169779,0.7,0.3,0.5,0.631578947368421
mixed_volatility,high_alpha,4200,2040.5,10.2025,0.0,106.0,0.4875,9.026857924291145,7.314823216240729,8.952038738309318,1.2924064670934767,-0.42600881622643794,0.215,0.7785234899328859,1.2790523732106616,1.1223505444222317,1.3008019933971546,1.4674209573438592,1.9544876943726324,1.6195130633540022,1.6195130633540022,0.7495490795074011,1.640038678275042,1.640038678275042,1.640038678275042,1.353562943132607,1.7001023146763257,1.9136722071715466,1.8634610353942622,0.7007835983444467,1.551342266835056,0.518759668303551,1.8032674019374682,1.8383691492140353,0.45,0.05,0.0,0.42105263157894735
mixed_volatility,high_alpha,4201,2219.0,11.095,0.03333333333333333,4.0,0.4775,7.056682082420714,7.020453350660636,7.6572617019787765,0.8419495948928544,0.7898277961264679,0.5,0.12751677852348994,1.168990935963576,0.08287780700124148,0.6520192557308873,1.463910380875713,1.2436301949914683,0.5053556526547867,0.5043939093093611,0.5031987154540187,1.0828778070012415,1.0828778070012415,1.0828778070012415,1.0828778070012415,0.683578782140027,1.0600302225490013,1.2722818953661224,1.1985981742824545,0.5034862810168905,0.5035225730505082,1.8908583083800206,1.9634787057467094,0.05,0.65,0.8,0.7368421052631579
mixed_volatility,high_alpha,4202,1860.5,9.3025,0.0,4.0,0.3025,8.943152982759969,8.779097244136288,8.590778814375778,1.225430849508009,-0.4349933376034329,0.17,0.10067114093959731,1.2643745964509367,0.8214814504554219,1.4493623187890927,1.3665050323365848,1.650978557555991,1.798366898147548,1.718714946994169,1.5470182070825376,0.95700076291713,0.6823896611527382,1.325108677863053,1.0395498107705994,1.8795308735032128,1.910142331125222,0.6381035158622628,0.51182011300359,1.0726388640836737,1.0726291035380096,1.4062165230320354,0.799857753249321,0.1,0.2,0.1,0.21052631578947367
mixed_volatility,high_alpha,4203,2080.0,10.4,0.06666666666666667,82.0,0.6425,6.8793230946397514,7.215690661460126,8.399913188743914,0.891192143199173,-0.6950192533411301,0.02,0.8523489932885906,0.4207015407651331,0.8251890107757123,0.8431963046564286,1.4756817165994178,1.0403866213458466,1.0403866213458466,1.0403866213458466,1.420701540765133,1.171046763514939,1.171046763514939,1.171046763514939,1.8251890107757123,0.9774146682077604,1.1055531123901183,0.9013721307405155,0.503631791759378,0.5032160788131086,1.1796051052118357,1.4701888345956982,1.9491537386997317,0.0,0.0,0.0,0.0
mixed_volatility,high_alpha,4204,2151.0,10.755,0.0,65.0,0.675,7.544719601199192,7.213395209002432,7.913859353159532,0.7636839643136463,0.15973921524763027,0.01,0.8657718120805369,0.21264256288313987,0.1258770440841115,1.2274842683738996,1.4887319819134341,1.0828778070012415,1.0828778070012415,1.2126425628831399,1.2126425628831399,1.0828778070012415,1.0828778070012415,0.95700076291713,0.95700076291713,1.750269683479349,1.8164579401109233,1.7956423022633272,1.4950500340180009,0.8034259673433912,0.5034638016182165,0.5031653508411585,0.5107334853324886,0.0,0.0,0.05,0.0
mixed_volatility,high_alpha,4205,1995.5,9.9775,0.0,67.0,0.4775,7.4387978504283705,7.506005065380643,9.11434446163771,1.0315936642403927,0.22924355385532172,0.03,0.6510067114093959,0.628878108307483,0.562784686658361,1.469794362228225,1.4649174997675019,1.188144527353558,1.188144527353558,1.104896762942406,1.3308542341062302,1.0828778070012415,1.0828778070012415,1.0828778070012415,1.562784686658361,0.505049514772055,1.4859871464770096,1.96034257126429,1.8363148467950945,0.503673535431567,0.5032528208695536,1.7724212161507613,0.5240622986927914,0.0,0.0,0.05,0.05263157894736842
mixed_volatility,high_alpha,4206,2131.0,10.655,0.0,58.0,0.465,6.89677309340969,7.4129511248245645,7.863625482359407,1.0531708672275935,-0.24655177611035978,0.025,0.6442953020134228,0.3154869835738974,0.9749494829796366,1.4672710136604867,1.4549759886963531,1.1044820773827957,1.1044820773827957,1.2833244106976502,1.0372739066710885,0.9819625798181917,0.5412175968082201,1.4797264271544026,1.4797264271544026,0.5914390561973477,1.0288527810722004,1.9495946745573915,1.9544003327734991,0.5031891672874934,1.550401531183823,1.3134070850578587,1.5507746065048145,0.0,0.0,0.05,0.05263157894736842
mixed_volatility,high_alpha,4207,1973.5,9.8675,0.03333333333333333,28.0,0.525,8.194177621454289,7.451122480393454,8.835652731354145,1.182962911230216,-0.4943712391351405,0.195,0.40939597315436244,1.395264950334802,0.8324486638823719,1.4860339039065313,1.0181041267971587,1.470936348759841,1.470936348759841,1.6568653129546451,1.8818126422730588,0.5036524782845284,1.3360214074277073,1.0964454392137248,0.703173523055454,0.534334031012992,1.7586729010838968,1.8139826000366286,0.6243678084891882,1.27265773964947,1.27265773964947,1.27265773964947,1.27265773964947,0.0,0.0,0.45,0.3157894736842105
mixed_volatility,high_alpha,4208,1851.0,9.255,0.1,14.0,0.1625,9.141726211640494,8.381545112479436,7.916044816690906,1.2905986343165785,-0.4242747427843397,0.195,0.0738255033557047,1.3761184960866235,0.9191467119958203,1.445066751598917,1.4220625775849536,1.6733068416870804,1.8810680387563734,1.8566615577243795,1.9408642530355271,0.8329372867767824,1.418431471619759,0.5035778326866713,1.4227048540246796,1.8799666843969893,1.5479938515285598,1.626411365751178,0.5037991719101297,1.7957184253609573,1.077608367109366,1.867227903075056,0.5130377535615316,0.1,0.25,0.2,0.10526315789473684
mixed_volatility,high_alpha,4209,2076.5,10.3825,0.0,79.0,0.68,7.456453870207496,6.979917620033159,8.74791720199814,0.8458719372900936,0.32403165373368525,0.015,0.8523489932885906,0.6443688586367697,0.1258770440841115,1.1311670931211526,1.4820747533183403,1.0828778070012415,1.0828778070012415,1.0828778070012415,1.6013696215538997,0.95700076291713,0.95700076291713,0.95700076291713,0.95700076291713,1.8624712284210967,1.8624712284210967,1.7158135205873475,0.7832627282636078,0.5411301174118877,0.5032391215339213,1.5179011071372877,1.8236150679941365,0.0,0.0,0.0,0.05263157894736842
mixed_volatility,high_alpha,4210,1985.5,9.9275,0.03333333333333333,4.0,0.5,7.327873251301152,8.23443092142405,7.479725880666184,1.252682701657033,-0.37245156000515933,0.135,0.5369127516778524,1.198240145553659,1.0665841195706924,1.4665529643701816,1.2793535771335982,1.1607618082806122,1.7293439869458123,1.832423924562246,1.6302404607327299,1.0828778070012415,1.0828778070012415,1.3770474075753345,1.612700506507936,0.7101101962634601,1.6462217678546878,1.8634716862533114,1.411899144545156,1.197492603548267,0.7092782481626182,1.7828050572518932,0.6730599591792802,0.1,0.1,0.2,0.21052631578947367
mixed_volatility,high_alpha,4211,1912.5,9.5625,0.0,17.0,0.33,8.863050938772984,8.437280475606483,8.3467758975758,1.3342148912961767,-0.4978410996922448,0.39,0.18120805369127516,1.4034845851030073,1.3621894258341731,1.094517475683468,1.4766680785640585,1.8928204274718847,1.904235075854227,1.877941487701641,1.770077539266732,0.9520784701081486,1.3485726839563208,1.8657490537047217,1.8657490537047217,1.5981457208785788,1.5981457208785788,1.3716023614581367,1.1204732573807925,1.8359433030694745,1.8739495367809278,0.5656981378528498,0.5165446778434606,0.1,0.3,0.3,0.47368421052631576
mixed_volatility,high_alpha,4212,2111.5,10.5575,0.06666666666666667,4.0,0.59,6.8608433460876315,6.319559558842524,8.206979073578111,1.0713605710463356,-0.7939823975956896,0.095,0.8187919463087249,1.0637660575856303,1.1550961718185975,0.6009063538103426,1.4656737009707723,1.7951324550880021,1.9069791168753127,1.888086433638905,1.7811506726923405,0.7685730047084189,0.7685730047084189,1.7146684885957095,1.7146684885957095,1.1044820773827957,1.1044820773827957,1.1044820773827957,0.5035757235724531,0.5035635375380191,0.5045264532858975,0.5090734972078379,1.8522081349900146,0.05,0.05,0.05,0.21052631578947367
mixed_volatility,high_alpha,4213,2137.0,10.685,0.0,5.0,0.6375,6.660881436808811,7.739326320260456,8.002798933178703,0.973134946945016,-0.7617056033512457,0.085,0.4697986577181208,1.3794928641774846,0.13079933689309287,1.4926125909544683,0.8896349957550184,1.6918430035464844,1.8034295333072898,1.9259550045103546,1.9508666746271939,1.0828778070012415,1.0828778070012415,0.9520784701081486,0.9520784701081486,0.5031367373261848,1.4204381345694386,0.504576257728456,1.2456450212619177,1.0,0.9678374271237529,0.5081739352439948,1.393339016234724,0.0,0.25,0.0,0.05263157894736842
mixed_volatility,high_alpha,4214,2040.0,10.2,0.0,51.0,0.495,8.903661226092023,7.753341290991516,8.973710965647154,1.114017185725291,-0.5475689295006861,0.15,0.6442953020134228,1.4172416279080449,0.14820729592029858,1.4120984642508332,1.478521354821987,1.8521256278026514,1.7951142538243035,0.9598562972626645,1.7023194950565566,1.0828778070012415,1.0828778070012415,1.0828778070012415,0.9346705110809429,1.2214453785471924,0.5648690970679993,1.7326386926634556,0.5153448091234182,0.5040848631445408,0.5033764438836862,1.9514932865066843,1.96124789891803,0.1,0.05,0.35,0.15789473684210525
mixed_volatility,high_alpha,4215,1972.0,9.86,0.03333333333333333,52.0,0.4525,8.539594125089565,6.820860909222835,8.48313671805983,1.07638444506524,0.32256657593168453,0.03,0.7718120805369127,0.814190955391441,0.7347015926798813,1.28053283207224,1.4761124001173975,1.3307220331048397,1.3307220331048397,1.4343500573117773,1.814190955391441,0.5039833605213117,0.5037673669378726,0.503585080219786,1.2382577833737831,1.7369331465521254,1.8178727923150233,1.5276463672378502,1.3248596327977638,1.6153223033974018,0.5032011774238975,1.9759142441246522,1.364489053643242,0.0,0.0,0.1,0.10526315789473684
mixed_volatility,high_alpha,4216,2191.5,10.9575,0.0,4.0,0.52,7.828889292745637,7.607719663158139,7.586953049310175,0.957410849857419,0.9016141925007395,0.625,0.1476510067114094,1.3112580458005576,0.3504771708468932,1.4256094831810322,0.7422986996011931,0.5038853113883425,1.1952963944647403,1.166871319381607,1.4273168417005337,1.3447160577927186,1.3447160577927186,1.152409489966906,1.152409489966906,1.9134820137501245,0.5037068380651919,1.7421981075994055,1.042687380508255,1.4656200675821283,1.4656200675821283,1.6293167907903094,1.6293167907903094,0.95,0.5,0.5,0.47368421052631576
mixed_volatility,high_alpha,4217,1862.0,9.31,0.03333333333333333,4.0,0.2825,9.250697545923924,8.91161461541595,8.625842446827656,1.2087144354332036,-0.28474426232657385,0.315,0.5167785234899329,1.0696762282725198,0.8314678120029213,1.4780295925162361,1.455684108941137,1.817911115113581,1.7934376640791776,1.8535830876641557,1.7092877125019152,1.0403866213458466,1.3350980526935217,1.3350980526935217,1.0968298543164938,1.8591130802554239,1.9054793410466386,0.5592944944593639,0.5150028157487966,1.5928985994310916,1.9008681398006315,1.0552826608559105,0.5083012002362275,0.5,0.35,0.4,0.05263157894736842
mixed_volatility,high_alpha,4218,2221.5,11.1075,0.03333333333333333,4.0,0.6475,7.894290561928792,7.319986644001582,6.608276644212477,0.7909448244188436,0.7064507002459307,0.87,0.087248322147651,1.3997020605137207,0.08287780700124148,0.7798971442135845,0.9013022859468278,1.9028386343586485,0.5116931047102344,0.5039243661378596,1.5346660443777704,1.0403866213458466,1.0403866213458466,1.0403866213458466,1.0403866213458466,1.0742123582469603,0.5743641166120887,0.5046473421870895,1.2838151092998775,1.1716212502062548,1.7883203771359442,1.704319601162618,1.704319601162618,0.95,0.85,0.8,1.0
mixed_volatility,high_alpha,4219,2272.5,11.3625,0.06666666666666667,21.0,0.5075,6.724847314877938,6.514458989830477,6.886009706749766,0.7825059719852852,0.7589123509755371,0.45,0.1476510067114094,1.4609836758649404,0.1009152271830498,1.4852471778919085,0.08287780700124148,0.9678374271237529,1.081347581014928,0.5031369133836338,1.8696799895113658,0.9819625798181917,0.9819625798181917,0.9819625798181917,0.9819625798181917,0.5067757142253051,1.4078157864469836,1.9293672045612371,1.9689324667108485,1.0,1.0828778070012415,1.0828778070012415,1.0828778070012415,0.05,0.0,0.95,0.7368421052631579
mixed_volatility,low_alpha,4200,1865.0,9.325,0.03333333333333333,44.0,0.485,8.805676504730284,8.753141901141417,8.521165552779756,0.15694006391403453,-0.6087759915828448,0.715,0.2483221476510067,0.22095609915893233,0.12587752949122244,0.13408879721593459,0.14683782979004878,1.162024816256265,1.2090495102167995,1.1809317496344587,1.1981167691752908,1.0506158223877802,1.0926832779544797,1.088897219269663,1.1096211394645172,1.079612870407697,1.1505102454382163,1.093956637599248,1.0743890714932482,1.0509095495356817,1.1134819073145557,1.1409536409649537,1.1044529564645746,0.9,0.55,0.65,0.7894736842105263
mixed_volatility,low_alpha,4201,1921.5,9.6075,0.03333333333333333,4.0,0.4725,8.913138677551109,8.785189879149222,9.001877416359742,0.198074848001725,0.33907180163375733,0.285,0.3959731543624161,0.25988621786454225,0.07256612541443719,0.13998202138718163,0.31986502734073896,1.1139378674557796,1.1295485191264623,1.180131726963411,1.1840422922833695,1.0418450663580714,1.0418450663580714,1.0418450663580714,1.0725661254144372,1.0496416321660489,1.1376484282456854,1.1214123825941091,1.0987319671455291,1.1901939219106774,1.0386215931357463,1.2896181977344825,1.2232172703708584,0.25,0.15,0.15,0.47368421052631576
mixed_volatility,low_alpha,4202,1833.0,9.165,0.03333333333333333,5.0,0.225,9.058748529498454,9.10656350196953,9.145769909635721,0.1780700856008704,-0.04282960446309434,0.335,0.7651006711409396,0.2315718680461194,0.0572274877065726,0.2513275258465608,0.17215346080422878,1.1887488275489586,1.213999626848324,1.2208988133770422,1.2067677472423899,1.0562628409394887,1.0552381933291304,1.05216167610476,1.05216167610476,1.1190212407423465,1.2372410679704844,1.1473717559664705,1.1078521582835565,1.1394920966375863,1.1885749090265105,1.1377766432134422,1.1007678346678202,0.4,0.15,0.35,0.3157894736842105
mixed_volatility,low_alpha,4203,1979.0,9.895,0.03333333333333333,82.0,0.595,8.908742304487596,8.249838466541378,8.497555399483678,0.1891229968366825,0.9920818966780155,0.045,0.6510067114093959,0.14942232018453616,0.08012404833909947,0.12176199660646359,0.40518362221663073,1.0411696054151456,1.0486807350896223,1.0486807350896223,1.1494223201845362,1.073627498457347,1.079611554991121,1.079611554991121,1.0741178249774896,1.0980469784406788,1.120814387373623,1.1106008699954089,1.1106008699954089,1.268969299694302,0.998188331685979,1.0733199375072806,1.2888996822222383,0.05,0.0,0.0,0.15789473684210525
mixed_volatility,low_alpha,4204,1931.5,9.6575,0.03333333333333333,43.0,0.385,8.967784124755354,8.969773570963474,9.114090912546489,0.19253883770885116,0.8862655863189748,0.16,0.4899328859060403,0.19240794491948288,0.06685847775423404,0.2378965139621585,0.27299241419952924,1.0344971847528215,1.0344971847528215,1.1549886439210466,1.1597445274713076,1.0178348310222176,1.0178348310222176,1.0594677594256061,1.066858477754234,1.1993994886391537,1.2512449336436535,1.1956454345232124,1.1718045380530435,1.2038652680109054,1.1963879190142965,1.2383369642347206,1.2507011983310508,0.0,0.0,0.5,0.2631578947368421
mixed_volatility,low_alpha,4205,1899.0,9.495,0.03333333333333333,40.0,0.345,9.065193384972796,8.98011444512402,9.125206100430066,0.17689082141575707,0.21043767647508335,0.16,0.40939597315436244,0.14857337823881855,0.13487619548726038,0.2089902994405093,0.21512341249644007,1.0973238217438506,1.1282918792069125,1.163556170404971,1.1267849659044553,1.0779737458849572,1.086327980568364,1.07639013604681,1.1216166201830462,1.1268985994478449,1.2053808130316843,1.1540480355956384,1.1430218868353692,1.1138347099947632,0.959351262666972,1.174474675163412,1.126896036389209,0.1,0.05,0.15,0.2631578947368421
mixed_volatility,low_alpha,4206,1926.0,9.63,0.0,4.0,0.515,8.558677879858163,8.77079909342391,9.022424635345345,0.19672946990962809,0.28982545243613617,0.205,0.22818791946308725,0.18960955339602892,0.023834233426212048,0.4404815834814453,0.1329925093348261,1.0676809528781777,1.127249563926268,1.1322580035957759,1.1627485086161566,1.0178348310222176,1.0178348310222176,1.0416690644484297,1.0416690644484297,0.9852651105063197,1.127608097045251,1.3453474272852513,1.2440191829473233,1.0711987235229752,1.0711987235229752,1.1116398507816245,1.115606024563519,0.05,0.3,0.3,0.42105263157894735
mixed_volatility,low_alpha,4207,1867.0,9.335,0.0,4.0,0.2925,8.838409067728639,9.1296046397717,9.157903097799023,0.1775845918038076,0.23936044932044787,0.335,0.0,0.2200733469581424,0.0565128838096145,0.22457800825978524,0.2091741281876882,1.116949712570934,1.1885719154620962,1.2034333025396515,1.2113943581680209,1.048951012791337,1.0537999916979763,1.0565128838096145,1.0565128838096145,1.2098250679319995,1.2021158337109799,1.1382728908179025,1.102997509966113,1.0879646486783252,1.1724195474503654,1.2029252383635214,1.1533666273160115,0.2,0.3,0.45,0.3684210526315789
mixed_volatility,low_alpha,4208,1969.5,9.8475,0.03333333333333333,9.0,0.4225,9.063635023412438,8.920333936522598,8.810871856914936,0.18077368055519788,-0.3780731772117558,0.62,0.0,0.33489424596571715,0.07124768110270474,0.14419559249384406,0.17275720265852557,1.0823897654318393,1.1860895966927043,1.285501193195545,1.2085522310305516,1.0872500639902405,1.0876691293249865,1.0860898778311987,1.0647945524811955,1.06329349883748,1.10499597607821,1.1336468048698976,1.1385265825093118,1.1510409779196789,1.1329322382987141,1.162508241669551,1.137169216916789,0.35,0.6,0.6,0.6842105263157895
mixed_volatility,low_alpha,4209,1758.5,8.7925,0.03333333333333333,50.0,0.4,9.01986135549829,9.054060348529134,8.805052680064051,0.15543523416840171,0.9972497744536116,0.05,0.5570469798657718,0.09548468512258612,0.09932271885348554,0.22850157861113662,0.19843195408639858,1.0313784175023244,1.0313784175023244,1.0752971127908895,1.109228289152692,1.0643697516575865,1.0993227188534855,1.0838769317839916,1.0774607539801195,1.187591191796518,1.2047712626343752,1.110858051414208,1.0776419743065082,1.1782430630716567,1.1634729091431049,1.1961623156050802,1.09400794830045,0.05,0.0,0.1,0.21052631578947367
mixed_volatility,low_alpha,4210,1849.5,9.2475,0.0,4.0,0.3425,9.083779002283691,9.18052543164718,9.069654289007168,0.17647489466623123,-0.11753011958790015,0.48,0.31543624161073824,0.2649752562622347,0.05692110644204029,0.2222689171804979,0.161734298780152,1.160183802294589,1.2366929504808863,1.2431325470594614,1.246348244798508,1.0178348310222176,1.0412339173162046,1.053817377642836,1.0569211064420403,1.1968328501413388,1.2098904930821315,1.1451516540725728,1.0746223244090285,1.0870538190770962,1.1311278963090627,1.1584611167166934,1.1022015505461769,0.45,0.45,0.55,0.5789473684210527
mixed_volatility,low_alpha,4211,2054.5,10.2725,0.0,8.0,0.57,8.792331556177224,8.246440589009916,8.821381364486603,0.19973715235101397,0.039526446753204214,0.12,0.4697986577181208,0.16458826520844605,0.03901703340892104,0.13668407082583922,0.45865923996084956,1.0765494041890218,1.0810310567151618,1.133916065319839,1.1560924761078175,1.054030869209116,1.054030869209116,1.054030869209116,1.0568518644311387,1.1084807513320185,1.1240107739383205,1.119686071900846,1.1366840708258392,1.218289874478045,0.8915198574853105,1.0215173005641631,1.3421030611323848,0.0,0.05,0.2,0.10526315789473684
mixed_volatility,low_alpha,4212,1976.5,9.8825,0.0,4.0,0.515,9.060406866866177,8.788717761976255,8.73774299463616,0.1883474260980827,0.0609620015169408,0.18,1.0,0.1881833994747315,0.04876754083685242,0.16187285686457153,0.3545659072161753,1.178593710211663,1.1745881763539088,1.1541191413027152,1.150234319558638,1.0313784175023244,1.0487675408368524,1.0487675408368524,1.0487675408368524,1.0700463385983778,1.1659702297983623,1.16157757494935,1.1503659835469433,1.1426791861311143,1.0684980471015826,1.09878351407402,1.2394174663715978,0.4,0.1,0.2,0.05263157894736842
mixed_volatility,low_alpha,4213,1847.0,9.235,0.03333333333333333,4.0,0.1725,9.244011951688089,9.235384694584228,9.10338432669933,0.17851368000763385,-0.42745245069425336,0.295,0.013422818791946308,0.20515139621399237,0.1601187488014888,0.1942657647868209,0.15451881022823333,1.1168585021146669,1.1962780911960917,1.1862012233114183,1.170935938242868,1.098601841677338,1.1317612923515428,1.1311706730197892,1.1311706730197892,1.18086015054798,1.1747050814925655,1.114525656941551,1.0528593742628811,1.1317970374802893,1.1135291095051096,1.127217492283609,1.1293273914518622,0.15,0.55,0.2,0.3157894736842105
mixed_volatility,low_alpha,4214,1923.0,9.615,0.06666666666666667,16.0,0.57,8.857765415418415,8.642791907654363,9.006921394781145,0.16020665699196962,0.5749225421484954,0.155,0.5838926174496645,0.15782626617643714,0.04222391003007986,0.13788740198050986,0.3028890497808516,1.0959191495787635,1.1164953159236042,1.1248426807819527,1.148943768215644,1.0422239100300799,1.0422239100300799,1.0422239100300799,1.0422239100300799,1.0315183130483299,1.0956171182967414,1.1096072525534584,1.1344507017731114,1.2804001479804823,1.226275417344024,1.1607603697048283,1.2825408905491358,0.2,0.1,0.3,0.21052631578947367
mixed_volatility,low_alpha,4215,2115.5,10.5775,0.0,4.0,0.4,9.027744792340393,8.714428912471696,8.523382840708921,0.17109822213382142,0.9815996209528206,0.555,0.020134228187919462,0.19733044333369554,0.039356920771124626,0.22341092218651726,0.22429460224394826,1.067886909085071,0.9506585139741606,0.9377960649400593,0.8949371930857815,1.050579917788999,1.050579917788999,1.0557783689934064,1.0557783689934064,1.1906336859495554,1.2231366555721543,1.1880875244515723,1.204103317191332,1.198439462567621,1.207559763675113,1.2164299454959235,1.1990926653847633,0.1,0.85,0.9,0.8421052631578947
mixed_volatility,low_alpha,4216,1831.0,9.155,0.0,4.0,0.26,9.160993927825514,9.118485493000534,9.041228842287932,0.17664259257137682,0.10516243875589187,0.365,0.174496644295302,0.24399152903792887,0.10672543734250639,0.19199180101540292,0.1638616028896691,1.1485495236093266,1.1296284008820803,1.2105401385620687,1.2355281601796737,1.0472060956775677,1.0551292878078065,1.0605211489913802,1.1067254373425064,1.179986093069703,1.1873671674883024,1.1168838871941977,1.0526583208116338,1.1353972472573384,1.1511729814662708,1.1419072810312145,1.110707164091807,0.4,0.5,0.25,0.42105263157894735
mixed_volatility,low_alpha,4217,1889.0,9.445,0.06666666666666667,4.0,0.225,9.186904629911618,9.146129194305908,9.151858553043306,0.18159725779889663,0.07922112371241163,0.32,0.26174496644295303,0.26176816343167353,0.06663022909512772,0.21272103554890287,0.1852696031198824,1.1556354605866932,1.171288889145131,1.217174959371244,1.2470923736972714,1.049682008263713,1.063903635477797,1.0666302290951277,1.0666302290951277,1.1110080338719583,1.2291424837711846,1.1634509061235336,1.1325756550078738,1.1246137337817526,1.1651076201397637,1.1678575572283418,1.0937275517696436,0.3,0.25,0.45,0.3157894736842105
mixed_volatility,low_alpha,4218,2002.5,10.0125,0.03333333333333333,5.0,0.4525,8.52485183907219,8.87187683071891,8.910312333537185,0.2057013715143781,0.12320542210518975,0.425,0.10067114093959731,0.2632469460620088,0.1029548766225763,0.061456518713495,0.39514714465943224,1.1054524995531532,1.121105143468749,1.274639933314972,1.2523470471550957,1.0316559854560055,1.0316559854560055,1.0487846121598017,1.1029548766225763,1.0449653454652168,1.0531049181126537,1.0531049181126537,1.061456518713495,0.9176702008268514,1.2498533852476212,1.2842350704614507,1.2490223699017466,0.15,0.25,0.75,0.42105263157894735
mixed_volatility,low_alpha,4219,2105.5,10.5275,0.0,44.0,0.3825,8.74293548548852,8.871629210971083,9.205838768646958,0.19040409185180068,-0.08644791409449651,0.2,0.5033557046979866,0.19323126374526578,0.041092099452320285,0.35136887467317424,0.17592412953644243,1.1030468459467822,1.1110235102511439,1.1028921419365663,1.1848786372558273,1.0311357564192059,1.0311357564192059,1.0410920994523203,1.0410920994523203,0.9277436713948591,0.9084447488839332,1.0487424657872686,1.2532449474454113,1.0708852725407128,1.1297212932778917,1.0173824758580183,1.1722202152904126,0.1,0.0,0.2,0.5263157894736842
mixed_volatility,no_affect,4200,1894.5,9.4725,0.03333333333333333,7.0,0.36,8.972506565605151,8.899975499173438,8.853973059068151,,,0.435,0.7181208053691275,,,,,,,,,,,,,,,,,,,,,0.8,0.35,0.25,0.47368421052631576
mixed_volatility,no_affect,4201,1904.5,9.5225,0.0,4.0,0.265,9.088174629345067,9.099204908542701,9.099935988118919,,,0.37,0.040268456375838924,,,,,,,,,,,,,,,,,,,,,0.25,0.4,0.35,0.5263157894736842
mixed_volatility,no_affect,4202,2071.5,10.3575,0.03333333333333333,4.0,0.3825,8.811177669829595,9.045714026170558,9.065405466522831,,,0.165,0.013422818791946308,,,,,,,,,,,,,,,,,,,,,0.05,0.1,0.4,0.21052631578947367
mixed_volatility,no_affect,4203,1789.5,8.9475,0.03333333333333333,11.0,0.39,8.91721685270683,8.862214536587738,8.944220130861316,,,0.075,0.3288590604026846,,,,,,,,,,,,,,,,,,,,,0.05,0.05,0.15,0.15789473684210525
mixed_volatility,no_affect,4204,2048.0,10.24,0.06666666666666667,65.0,0.4475,8.795725892825848,8.779215868913264,9.096816073004831,,,0.06,0.6375838926174496,,,,,,,,,,,,,,,,,,,,,0.0,0.0,0.05,0.3684210526315789
mixed_volatility,no_affect,4205,1855.5,9.2775,0.0,4.0,0.295,8.987930019029136,9.002870969418261,9.053155739208549,,,0.22,0.3288590604026846,,,,,,,,,,,,,,,,,,,,,0.1,0.1,0.3,0.3157894736842105
mixed_volatility,no_affect,4206,2045.0,10.225,0.0,4.0,0.5475,8.527512941497015,8.546791989628579,8.779231147169776,,,0.13,0.3422818791946309,,,,,,,,,,,,,,,,,,,,,0.1,0.3,0.15,0.10526315789473684
mixed_volatility,no_affect,4207,1817.0,9.085,0.03333333333333333,4.0,0.3625,8.824651797877726,9.02344984864723,8.965515006241226,,,0.375,0.0,,,,,,,,,,,,,,,,,,,,,0.3,0.25,0.4,0.47368421052631576
mixed_volatility,no_affect,4208,1835.0,9.175,0.0,9.0,0.2325,8.99638402686018,9.122879768541889,9.108298350166216,,,0.295,0.087248322147651,,,,,,,,,,,,,,,,,,,,,0.1,0.35,0.45,0.42105263157894735
mixed_volatility,no_affect,4209,1817.0,9.085,0.06666666666666667,33.0,0.36,9.049219392123545,9.00749966752534,8.74497375701798,,,0.075,0.22818791946308725,,,,,,,,,,,,,,,,,,,,,0.1,0.0,0.1,0.15789473684210525
mixed_volatility,no_affect,4210,1852.0,9.26,0.0,4.0,0.325,9.027883963269408,9.090076534033319,9.018310779306509,,,0.37,0.006711409395973154,,,,,,,,,,,,,,,,,,,,,0.1,0.55,0.5,0.47368421052631576
mixed_volatility,no_affect,4211,1888.5,9.4425,0.03333333333333333,4.0,0.29,8.859455355005613,8.982336076939468,9.009595209523443,,,0.425,0.3288590604026846,,,,,,,,,,,,,,,,,,,,,0.45,0.3,0.35,0.47368421052631576
mixed_volatility,no_affect,4212,1866.5,9.3325,0.0,4.0,0.335,8.936129581159726,9.037743119576342,8.966097125632801,,,0.32,0.2348993288590604,,,,,,,,,,,,,,,,,,,,,0.1,0.25,0.3,0.47368421052631576
mixed_volatility,no_affect,4213,2057.5,10.2875,0.0,,0.53,9.080690983712001,8.413238220753462,8.67885693565464,,,0.09,0.9463087248322147,,,,,,,,,,,,,,,,,,,,,0.25,0.05,0.05,0.0
mixed_volatility,no_affect,4214,1972.5,9.8625,0.0,4.0,0.57,8.878618020144348,8.738352513589176,8.795310556633616,,,0.235,0.2214765100671141,,,,,,,,,,,,,,,,,,,,,0.1,0.35,0.3,0.42105263157894735
mixed_volatility,no_affect,4215,2055.0,10.275,0.0,4.0,0.5375,8.535572782285477,8.633329840303675,8.631626952217514,,,0.225,0.020134228187919462,,,,,,,,,,,,,,,,,,,,,0.1,0.3,0.4,0.10526315789473684
mixed_volatility,no_affect,4216,1877.5,9.3875,0.0,4.0,0.2925,9.0953249561456,9.042617856016546,9.054863410882378,,,0.395,0.14093959731543623,,,,,,,,,,,,,,,,,,,,,0.4,0.4,0.25,0.42105263157894735
mixed_volatility,no_affect,4217,1943.5,9.7175,0.03333333333333333,4.0,0.33,8.93545471844086,8.959696468181576,9.112709235399088,,,0.255,0.2684563758389262,,,,,,,,,,,,,,,,,,,,,0.15,0.15,0.35,0.21052631578947367
mixed_volatility,no_affect,4218,2031.0,10.155,0.0,6.0,0.6075,8.577906621152053,8.620272072429676,8.404605613679212,,,0.79,0.2684563758389262,,,,,,,,,,,,,,,,,,,,,1.0,0.6,0.8,0.9473684210526315
mixed_volatility,no_affect,4219,2051.0,10.255,0.03333333333333333,13.0,0.415,8.537563035608269,9.008109134788702,8.947105373674828,,,0.33,0.30201342281879195,,,,,,,,,,,,,,,,,,,,,0.3,0.15,0.4,0.6842105263157895
