experiment_id,variant_id,seed,cumulative_payoff,mean_payoff,early_exploitation_rate,betrayal_recovery_time,post_betrayal_p0_selection_rate,post_betrayal_p0_high_investment_rate,selection_gini,entropy_early,entropy_mid,entropy_late,beta_range,reengagement_rate,payoff_recovery,reengagement_latency,beta_pre,beta_betrayal,beta_repair,beta_recovery_r080,beta_recovery_r100,beta_recovery_r120,beta_recovery_r140,beta_recovery_r160,beta_recovery_r180,beta_recovery_r200
forgiveness,cautious_high_alpha,4200,2337.0,11.685,0.0,4.0,0.425,0.375,0.56,4.0959885329155785,4.79413029377017,4.175003060883833,0.5677438890596687,0.4430379746835443,1.0384052355119264,8.0,0.5682621448397169,0.9980329324700552,0.6696260722239472,0.5634693143963168,1.451557375133804,1.0705453791601311,0.8903360469427741,0.5136087263612323,0.5116954826351143,0.511502943090223
forgiveness,cautious_high_alpha,4201,2159.0,10.795,0.03333333333333333,12.0,0.65,0.475,0.625,7.859739528285598,5.6678297344284,3.8711897222869003,0.5866046713252838,0.9873417721518988,1.0146484645418548,0.0,1.0401299541619626,1.0533209041537108,0.5476036528373667,0.7308734844868618,1.3259437254409818,1.177562357953353,0.5147509447530471,0.5366885388925314,0.5122976569674469,0.5113443805583201
forgiveness,cautious_high_alpha,4202,2016.5,10.0825,0.0,26.0,0.65,0.325,0.605,7.606936618412035,6.939975261929346,4.315895874292555,1.0002673832882798,0.9493670886075949,1.3054199940845905,1.0,1.4994075548434886,1.4454254869117058,0.5792083145851806,1.7242284034352409,1.761124006958172,1.1582832590740497,0.7073729086925125,0.5135687630544681,0.5163740470687885,0.6055885072008667
forgiveness,cautious_high_alpha,4203,1820.0,9.1,0.1,4.0,0.225,0.05,0.3025,8.028317887673513,7.044750499604106,7.641636670371758,1.211030026822943,0.27848101265822783,0.9376629697875744,10.0,1.4494797012752572,0.9773462139798184,1.3001332874611444,1.6596189939569188,1.097140583659284,0.672137086181366,1.0186351637516067,1.4778465555477267,1.636460824344625,1.690275164611645
forgiveness,cautious_high_alpha,4204,2338.5,11.6925,0.06666666666666667,,0.0,0.0,0.7225,5.03400819947788,4.035615278175589,4.034035561446191,0.30040755384036144,0.0,0.9718415618547025,,1.6152927570800295,1.6152927570800297,1.6152927570800293,1.6152927570800297,1.6152927570800297,1.6152927570800297,1.6152927570800297,1.6152927570800297,1.6152927570800297,1.6152927570800297
forgiveness,cautious_high_alpha,4205,2095.0,10.475,0.0,,0.0,0.0,0.5875,7.988835931532515,5.573941561781801,5.358944147461914,0.586316624482283,0.0,1.0832691567192914,,1.4366980413427382,1.421848266714901,1.4218482667149015,1.421848266714901,1.421848266714901,1.421848266714901,1.421848266714901,1.421848266714901,1.421848266714901,1.421848266714901
forgiveness,cautious_high_alpha,4206,2293.0,11.465,0.03333333333333333,79.0,0.0,0.0,0.715,4.925072350998113,4.407801775469308,4.236372523298133,0.36232418654145376,0.012658227848101266,1.0392283714638593,39.0,1.6531700596638423,1.6421174221513657,1.6679413581104918,1.6421174221513657,1.6421174221513657,1.6421174221513657,1.6421174221513657,1.6931196956706394,1.6931196956706394,1.6931196956706394
forgiveness,cautious_high_alpha,4207,2340.5,11.7025,0.0,,0.0,0.0,0.7425,4.615023270563521,4.151612075566746,4.119998100495277,0.31179904445763473,0.0,1.0066134937980755,,1.5817999999999999,1.5818,1.5817999999999999,1.5818,1.5818,1.5818,1.5818,1.5818,1.5818,1.5818
forgiveness,cautious_high_alpha,4208,2238.0,11.19,0.03333333333333333,4.0,0.875,0.525,0.7225,4.95282881163217,5.399731791817543,4.019978229265175,0.3891345625330798,1.0,1.0108601580166952,0.0,0.6412922508460539,0.9134313385693698,0.5769154373826881,0.7849051224196413,1.1279037246456038,0.978940521075152,0.5340441730853286,0.5149223926862936,0.511615136849253,0.5127805391153638
forgiveness,cautious_high_alpha,4209,1833.5,9.1675,0.13333333333333333,,0.0,0.0,0.34,7.62536851835382,6.01325772299738,6.6629520349596545,1.0136346329163515,0.02531645569620253,1.0152885896626693,40.0,1.4610099248565542,1.522278683492614,1.6002876523211413,1.522278683492614,1.522278683492614,1.522278683492614,1.522278683492614,1.522278683492614,1.6836072142090837,1.6836072142090837
forgiveness,cautious_high_alpha,4210,2046.0,10.23,0.03333333333333333,9.0,0.475,0.325,0.5,7.7870646488756075,5.7456360582845685,4.3342048907350845,0.741556358177305,0.9873417721518988,1.2740929705215418,0.0,1.5767446892279287,1.1777898237243847,0.5344947197196716,1.6805199044645862,0.7741029515350756,0.756909168737046,0.5167345624724697,0.5144001121363565,0.5147968482038707,0.5220473043182142
forgiveness,cautious_high_alpha,4211,2238.0,11.19,0.03333333333333333,4.0,0.35,0.275,0.495,7.778098320439387,4.529625601107933,4.357028486677562,0.7076431239291179,0.012658227848101266,0.9743717895321394,46.0,1.1260973090592696,1.1522560510577642,1.1598523930450682,0.673722711643473,1.199166752753518,1.199166752753518,1.199166752753518,1.199166752753518,1.1050505582999572,1.1050505582999572
forgiveness,cautious_high_alpha,4212,2224.0,11.12,0.03333333333333333,,0.025,0.025,0.645,6.959955616509588,4.564006154066566,4.230313471257289,0.5595434302102653,0.012658227848101266,1.027719864924387,44.0,1.327703256575741,1.5436074346221933,1.5396200758823733,1.5459113206190662,1.5420715106242782,1.5420715106242782,1.5420715106242782,1.5420715106242782,1.536538272206835,1.536538272206835
forgiveness,cautious_high_alpha,4213,2255.5,11.2775,0.06666666666666667,4.0,0.1,0.1,0.675,6.596959603172329,4.43987763858089,3.80913230900747,0.5857356107531668,0.012658227848101266,1.0473033095094577,57.0,1.330764187444307,1.126892937981887,1.0345593850728576,0.6855565683726517,1.1754944004679515,1.1146872728468347,1.1146872728468347,1.1146872728468347,0.8269553122039142,0.8269553122039142
forgiveness,cautious_high_alpha,4214,2218.5,11.0925,0.0,66.0,0.45,0.225,0.65,5.154857378892494,5.885667471372426,3.928473286381635,0.6090363696318124,0.8860759493670886,0.9788852957960814,4.0,0.6206403080847331,1.4091927252031446,0.6869394346997862,0.6896888344873484,1.6111294574595043,1.6071684869759262,0.5147698879354622,0.5131848420800672,0.5114610367099353,0.7524098209860481
forgiveness,cautious_high_alpha,4215,2210.0,11.05,0.06666666666666667,7.0,0.8,0.6,0.6225,6.456341403339363,5.256569072652796,4.245530271878351,0.5399783650357886,1.0,1.0055295861361304,0.0,1.0013440578309356,1.0199133876486783,0.5681351529870704,1.0134736481499849,0.5276043090962238,0.6788011967490706,0.512106088430396,0.5369657323168908,0.6824015499015992,0.5532339331017645
forgiveness,cautious_high_alpha,4216,2254.5,11.2725,0.13333333333333333,11.0,0.9,0.65,0.64,6.001527482405453,4.991224325420293,3.9032694348737986,0.4902486136823061,1.0,1.0157114900754824,0.0,0.877056551523555,0.8988003313441064,0.554882569916392,0.537675651254828,0.6168709679064861,0.6515771629990832,0.5114713584343552,0.5113514415228297,0.5121806936966278,0.7961763314886143
forgiveness,cautious_high_alpha,4217,2249.5,11.2475,0.06666666666666667,4.0,0.875,0.725,0.655,6.253584919931885,5.147314071753086,3.607697157687725,0.4995489358031058,1.0,1.1156859824221659,0.0,0.9290454078970501,1.035866461710534,0.530061621581967,0.8699740818522999,0.5132109990832886,0.7012053123720454,0.5128120796649692,0.5124707379242467,0.5121903230473789,0.5115485037620183
forgiveness,cautious_high_alpha,4218,2217.0,11.085,0.06666666666666667,4.0,0.925,0.725,0.6675,6.047837000294919,5.189949021281763,3.830723594462933,0.6157977984793377,1.0,1.0357284187913394,0.0,0.8837204182538461,1.043050352092719,0.5792491128973237,0.7891890449431647,0.7114059296708541,1.611765833567102,0.5114257468948125,0.5121601076287517,0.5113421700694845,0.5119394445386216
forgiveness,cautious_high_alpha,4219,2300.5,11.5025,0.0,55.0,0.725,0.55,0.695,4.153853498335372,5.370822339763234,3.512761794808517,0.46332503116221485,1.0,1.046972049689441,0.0,0.5708475409044527,1.2999810275176205,0.5494345446470332,0.8857306518589524,1.8009077471629311,1.3826859613102105,0.5121887092526572,0.5113615929007251,0.511342359694637,0.5115118360480091
forgiveness,cautious_low_alpha,4200,2217.0,11.085,0.0,4.0,0.95,0.775,0.695,7.152938940737763,6.543772647687587,6.183152810690262,0.22389035133885662,0.9873417721518988,1.0300067928763401,0.0,1.1148898357201733,1.0449965826126815,0.9345465393406214,0.9428263940534575,1.0591729206206768,1.0763655030030082,0.9397586204236604,0.9390727807717749,0.8809114776163884,0.8704851648922789
forgiveness,cautious_low_alpha,4201,2226.5,11.1325,0.0,4.0,0.925,0.75,0.6825,7.4819373346690865,6.57198261366358,5.971795843405333,0.2569104300730915,0.9367088607594937,1.0075905021409108,0.0,1.1995564945226287,1.001599289659389,0.8959281940032913,0.9195319274906674,0.9884042582772777,1.018864046138365,0.9533387591718107,0.8810845568116089,0.8432917149830219,0.824015695095434
forgiveness,cautious_low_alpha,4202,1983.0,9.915,0.03333333333333333,12.0,0.825,0.425,0.625,7.598783098690534,7.391763159630343,6.782011115942873,0.26786211260699744,0.9240506329113924,1.2254887969173682,1.0,1.310348816177168,1.1560388262489307,1.01243010865624,1.2049301315226577,1.1550427706687147,1.1186804678771414,1.0656621887794557,1.0159871026863212,0.9513274853922756,0.9540050255778518
forgiveness,cautious_low_alpha,4203,1784.0,8.92,0.06666666666666667,74.0,0.075,0.0,0.545,8.07613057420159,7.561687747191854,7.751412872165159,0.2585768433261689,0.22784810126582278,1.01179620784484,23.0,1.4483624886133062,1.3684208894850722,1.3364149572879662,1.3968762797220058,1.3778314074676292,1.3377105362570454,1.3377105362570454,1.3335474537092897,1.3285614716868641,1.3126689889564545
forgiveness,cautious_low_alpha,4204,2193.5,10.9675,0.03333333333333333,49.0,0.0,0.0,0.59,7.430641825219973,6.525730124682308,7.323550677580781,0.3305437085265149,0.27848101265822783,0.9566727978745148,9.0,1.5642858298821647,1.554214340770616,1.399608869246524,1.554214340770616,1.554214340770616,1.554214340770616,1.5353751892832186,1.3927961936035884,1.2568007398554153,1.232051906868096
forgiveness,cautious_low_alpha,4205,1791.0,8.955,0.0,4.0,0.05,0.0,0.4725,8.022481612073406,7.863447176953702,8.000058351927825,0.28137903575511947,0.0379746835443038,0.867548999797939,48.0,1.5079211950400957,1.4565642544084443,1.4503163308801879,1.487123351192097,1.4497837811493102,1.4497837811493102,1.4497837811493102,1.4497837811493102,1.45309695385955,1.4349460564951118
forgiveness,cautious_low_alpha,4206,2209.0,11.045,0.03333333333333333,30.0,0.025,0.0,0.65,7.102001785156598,6.624317164657704,6.839207076344281,0.2913941383909013,0.25316455696202533,1.0282945036421647,12.0,1.5494966512586275,1.5205465164095213,1.339203545769843,1.5249136849373777,1.5249136849373777,1.5074450108259518,1.4226616847672433,1.3303867244815084,1.2269940812103703,1.2056085888446058
forgiveness,cautious_low_alpha,4207,2198.5,10.9925,0.03333333333333333,4.0,0.85,0.675,0.66,7.5228474208492795,6.758407547837883,5.951690988795797,0.2737576985183017,0.9746835443037974,1.058633439110309,0.0,1.2433906209356094,1.063573721614651,0.8989107578396446,0.9776500295429704,1.0870843739433722,1.1131566965995374,0.9111118990521099,0.8662609621599258,0.8208775903308851,0.8462666194002957
forgiveness,cautious_low_alpha,4208,2196.5,10.9825,0.03333333333333333,4.0,0.5,0.2,0.545,7.479682458095938,7.205208078318355,6.894697247093355,0.34572071558424544,0.5063291139240507,1.0563131082029225,16.0,1.1697906661336728,1.1300510949968783,1.0241730015579336,0.9979100159145566,1.1544787710686908,1.1800318757469581,1.1388727951107618,0.9635680337548287,0.9202120336400624,0.9676908345469064
forgiveness,cautious_low_alpha,4209,1901.0,9.505,0.16666666666666666,6.0,0.125,0.075,0.3325,8.25053281999957,7.721422869039896,7.1868627186522405,0.4244775680255989,0.6329113924050633,1.2062433591030666,16.0,1.4433702107256667,1.3294759405523584,1.1393617786953538,1.372990671407941,1.3199468164478938,1.3058850439088734,1.2770797184540599,1.12287719550905,1.0405343354413608,0.9217582627257668
forgiveness,cautious_low_alpha,4210,1995.5,9.9775,0.03333333333333333,4.0,0.775,0.375,0.5575,7.92966047862682,7.5141149336405615,6.6182909660545715,0.31325617896867886,0.9493670886075949,1.3290435577215962,0.0,1.3700171863614483,1.172393227385206,0.9801372966546563,1.2284068750048167,1.167566399166923,1.140666540659436,1.0252945068383,0.9732527037204334,0.909982410964778,0.9180983266582176
forgiveness,cautious_low_alpha,4211,1843.5,9.2175,0.06666666666666667,4.0,0.65,0.25,0.435,7.8986081274434135,7.924401159537476,8.07153870269894,0.30225525290275623,0.5316455696202531,0.9855615715674023,0.0,1.3744097264787645,1.1706109630384496,1.1475108173531638,1.2138269023653296,1.1638441652928186,1.1461317256656705,1.1418692881160102,1.1602490973095678,1.1424652149305659,1.1652052969786686
forgiveness,cautious_low_alpha,4212,1896.0,9.48,0.03333333333333333,90.0,0.325,0.225,0.325,7.837097838662552,8.063726269247844,7.707849081978684,0.351965527108177,0.46835443037974683,1.0717887154861945,4.0,1.3477749367173224,1.23390140606575,1.1531615314170205,1.2436939405018281,1.2333561192435882,1.220032442200376,1.1759618479451854,1.152190454760979,1.1462837640227534,1.039215187847956
forgiveness,cautious_low_alpha,4213,2190.5,10.9525,0.03333333333333333,4.0,0.525,0.45,0.5025,7.718169192962594,7.169131778887708,6.684610026270551,0.36310540798002783,0.6582278481012658,1.0236988713448605,1.0,1.3583999128900515,1.1376475011683609,0.9236531224092879,1.1127590191723027,1.1335033065913227,1.147759354609188,0.943018456923147,0.879756945206603,0.8827899627519478,0.901132081667459
forgiveness,cautious_low_alpha,4214,1956.0,9.78,0.06666666666666667,4.0,0.65,0.35,0.51,7.8939165980996915,7.826089250092919,7.2879271866854305,0.3125698068452941,0.7848101265822784,1.1725019166879633,0.0,1.350645576626426,1.214961199981165,1.030214596025489,1.2717378138330204,1.2246246099842233,1.1804161448348867,1.0935631623086404,0.9971473878382927,0.9920709384732117,0.9126961069100376
forgiveness,cautious_low_alpha,4215,2089.0,10.445,0.06666666666666667,4.0,0.675,0.375,0.5475,7.731177297785807,7.3701907865505545,6.630584517267307,0.32217307313538085,0.7848101265822784,1.0458888757815263,0.0,1.2917336851288503,1.1114942363022389,0.9959866828356221,1.0126854069418476,1.1369739297842911,1.1283650987501532,1.0368264029926182,1.025624918875821,0.9009909603304558,0.8665989827546903
forgiveness,cautious_low_alpha,4216,2151.0,10.755,0.13333333333333333,7.0,0.875,0.6,0.6,7.761819035263484,6.87616779670434,6.153223484372279,0.2924442082823881,0.9493670886075949,1.033515130190007,0.0,1.2430403569950763,1.0325430179473625,0.9330060022352761,0.9529783811336842,0.9918015507160064,1.1433843368685384,0.961192676530197,0.9432885624079775,0.8594917598163333,0.8810826303835517
forgiveness,cautious_low_alpha,4217,2206.0,11.03,0.06666666666666667,4.0,0.85,0.7,0.6375,7.366912406834057,6.888573711659273,6.196474673161125,0.306374228188679,0.8734177215189873,1.0605700005949903,0.0,1.2153924267634078,1.0254543156276301,0.8974641071098818,0.9940748083244728,0.967042545586356,1.0215986956961398,0.959051600186831,0.8809550616296183,0.8294313133697563,0.8306469795163277
forgiveness,cautious_low_alpha,4218,2139.5,10.6975,0.06666666666666667,4.0,0.9,0.675,0.665,7.461635593717863,6.73854862249887,5.78090564902941,0.26037244372025403,1.0,1.1493034810226095,0.0,1.2938367897041325,1.1137624487635467,0.9271206756027943,1.0976867252822395,1.1135808681544042,1.1346237532424164,1.0034735731441806,0.8695600878078132,0.8170476206230424,0.8860453397411563
forgiveness,cautious_low_alpha,4219,2226.0,11.13,0.0,32.0,0.825,0.625,0.695,6.887108867425049,6.673635619155095,5.8178722117921176,0.24086595114509224,0.9620253164556962,1.040929862904828,0.0,1.0655033105225258,1.034707704105458,0.9148521584449052,0.8986019311942908,1.0716053035021722,1.1171752246974123,0.953709535651811,0.9001910117044155,0.829884002339365,0.8190222327390679
forgiveness,default_reference,4200,2304.0,11.52,0.0,4.0,0.85,0.8,0.7,4.0470903869278185,4.941823388421839,4.3648143333702185,0.3522684009624268,0.9493670886075949,1.0214988949166164,0.0,0.5500741956463499,0.832374560463389,0.5634393645994975,0.5634692623636812,0.7612277785527046,0.5524663296908412,0.5122662609213994,0.5138343982413902,0.5114052179214896,0.5114587277325278
forgiveness,default_reference,4201,2187.5,10.9375,0.03333333333333333,12.0,0.7,0.65,0.6375,7.79446595901884,5.224515411002353,3.9287018129318616,0.5370829562788779,0.9746835443037974,1.004347464901836,0.0,0.9943212590853072,0.913538450031889,0.541125704766374,0.763154783911649,0.611248477922514,0.5950096002375818,0.5135743607851659,0.7929029451085898,0.5122703213384259,0.5113426809410837
forgiveness,default_reference,4202,2202.5,11.0125,0.0,4.0,0.95,0.675,0.725,5.951068865166499,5.177906080952641,4.099866547413558,0.32471811080596047,1.0,1.023747680890538,0.0,0.7245906226253447,1.276391517181613,0.5497701366583758,0.5158605021229191,1.7403242912462493,1.0580238963524824,0.5377541191360543,0.5116551775119202,0.5117458861329627,0.5224186802989759
forgiveness,default_reference,4203,1781.5,8.9075,0.06666666666666667,22.0,0.25,0.0,0.335,7.884199765282622,6.9914147747463256,7.362207995030035,0.9666418072033123,0.10126582278481013,0.9876148932855584,1.0,1.3173755944471197,0.7828116641698791,1.0805661423414896,1.1380141507247752,0.6505624461934678,0.5149293267452713,0.5958953831972402,1.0553119003324702,1.555738002816928,1.555738002816928
forgiveness,default_reference,4204,2337.0,11.685,0.06666666666666667,,0.0,0.0,0.7275,4.81077593858763,3.986702116584796,4.12062494141556,0.1363366821536125,0.0,0.9593713963903564,,1.0329905449767252,1.0329905449767254,1.0329905449767254,1.0329905449767254,1.0329905449767254,1.0329905449767254,1.0329905449767254,1.0329905449767254,1.0329905449767254,1.0329905449767254
forgiveness,default_reference,4205,1872.5,9.3625,0.0,4.0,0.075,0.0,0.12,8.05882043341056,7.353885421921905,6.095827535543696,0.7850666236504935,0.4050632911392405,1.193202280912365,33.0,1.093069098643036,0.9306554303626363,0.7841363458826828,1.1451247665148725,0.9177722547707767,0.755120249327309,0.755120249327309,1.209177285890329,0.5199943288367576,0.5221671228050796
forgiveness,default_reference,4206,2286.5,11.4325,0.03333333333333333,76.0,0.0,0.0,0.705,4.924151104225969,4.421449730169681,4.106374502946829,0.26508108470392233,0.012658227848101266,1.038316767629242,36.0,1.1270325708099214,1.1223888184787292,1.141676762434978,1.1223888184787292,1.1223888184787292,1.1223888184787292,1.1223888184787292,1.1578248085378844,1.1578248085378844,1.1578248085378844
forgiveness,default_reference,4207,2340.0,11.7,0.0,,0.0,0.0,0.7425,4.600853776078039,4.151957682203544,4.117322923485822,0.18976657582910217,0.0,1.0066134937980755,,1.0,1.0,1.0,1.0,1.0,1.0,1.0,1.0,1.0,1.0
forgiveness,default_reference,4208,2239.0,11.195,0.03333333333333333,4.0,0.875,0.525,0.7225,4.911101753654569,5.395829713231576,4.023386921919321,0.3349417818044923,1.0,1.0108601580166952,0.0,0.6062439370865575,0.9121627304029195,0.5766433971065331,0.7849051224196413,1.1279037246456038,0.9788158990658082,0.5339001864103228,0.5149223940628318,0.5116151369637412,0.5127805391469997
forgiveness,default_reference,4209,2012.5,10.0625,0.1,58.0,0.0,0.0,0.305,7.40512726632662,5.3597111160690725,4.16021364054887,0.8356541489542998,0.810126582278481,1.295379419373383,15.0,1.275352319162609,1.1412630809255337,0.7140035832983489,1.1412630809255337,1.1412630809255337,1.1412630809255337,1.1270006663971457,0.5877528650304854,0.5127891958477238,0.7430197960750227
forgiveness,default_reference,4210,2311.0,11.555,0.03333333333333333,4.0,0.925,0.8,0.7125,5.04792265563427,4.524446386928104,3.566177890368312,0.2711969308449993,1.0,1.0325375433192145,0.0,0.6101537394000093,0.7435094750526222,0.5259090718218299,0.7857185071573164,0.5121546519542242,0.5296997553013523,0.528685367655184,0.5121477067570884,0.5121804587750076,0.5115157130867868
forgiveness,default_reference,4211,2258.5,11.2925,0.03333333333333333,,0.0,0.0,0.635,6.95178692570471,4.095587630096853,4.98162170129019,0.5866054787127807,0.02531645569620253,0.9012011054421769,74.0,1.367748405743693,1.510713380197072,1.5040028591746306,1.510713380197072,1.510713380197072,1.510713380197072,1.510713380197072,1.510713380197072,1.510713380197072,1.3702147913671479
forgiveness,default_reference,4212,2184.5,10.9225,0.0,20.0,0.75,0.4,0.665,4.775111053905374,6.188265274071302,4.403470771125248,0.6199857257633612,0.8354430379746836,1.0235163030729533,8.0,0.6327894552548756,1.6252094757870705,0.7493978713158652,0.9677845081043213,1.4119220965533172,1.616942573297061,0.516266662980254,0.511760340882563,0.5137529378563377,0.8465926898223584
forgiveness,default_reference,4213,2296.0,11.48,0.03333333333333333,,0.0,0.0,0.695,5.973815058565878,4.260493764185156,4.061644543421859,0.3524193002579737,0.0,1.034763057765479,,1.2969986554101385,1.3340140713710293,1.3340140713710296,1.3340140713710293,1.3340140713710293,1.3340140713710293,1.3340140713710293,1.3340140713710293,1.3340140713710293,1.3340140713710293
forgiveness,default_reference,4214,2251.5,11.2575,0.03333333333333333,8.0,0.6,0.325,0.69,4.772512152183725,5.292929289958664,4.024218919854851,0.508779415767278,0.9873417721518988,0.9815552237155026,0.0,0.5939432686642137,1.5698161615562216,0.5811409474565561,1.0122556572665913,1.6435502024317783,1.7161819807442256,0.5113945236879375,0.5132789381020627,0.5114095970671808,0.7524576002809993
forgiveness,default_reference,4215,2045.5,10.2275,0.0,10.0,0.825,0.525,0.57,4.9788133063509195,6.627332307977242,7.802095076570787,0.7366322095677954,0.6329113924050633,0.8248514595711703,0.0,0.6615136744039852,1.3731877714969787,1.5022706016030125,0.7857092993256227,0.6319034112393006,1.6111377511658924,1.5526409297256323,1.4445252854515502,1.6751492683821747,0.9360935003476392
forgiveness,default_reference,4216,2236.0,11.18,0.03333333333333333,10.0,0.925,0.65,0.665,5.679437724692519,5.271241841138505,3.897717493497281,0.48181666340841545,1.0,1.0202952550314732,0.0,0.6979537261860363,1.0921658292501728,0.5857464590227417,0.8317604833618999,0.8974084517110144,1.420440500116374,0.5822479082545288,0.5113424186871843,0.5121806942025499,0.5208437164073061
forgiveness,default_reference,4217,2259.0,11.295,0.03333333333333333,,0.0,0.0,0.695,5.339231358305235,4.756105453502375,4.241089673546086,0.412262026527062,0.0,1.1250481324605313,,1.2591312684508822,1.3175954966834387,1.3175954966834384,1.3175954966834387,1.3175954966834387,1.3175954966834387,1.3175954966834387,1.3175954966834387,1.3175954966834387,1.3175954966834387
forgiveness,default_reference,4218,2215.0,11.075,0.1,4.0,0.9,0.7,0.655,6.237242554055696,5.330653423665796,3.843781578621251,0.5344907063776017,1.0,1.0682798833819243,0.0,0.7716494523894427,1.0296168392053568,0.5925957508735877,0.7891924580994436,1.31958284662598,1.3224600875657369,0.5132436696829561,0.5121600418533692,0.5113421665383479,0.5142185830825474
forgiveness,default_reference,4219,2300.0,11.5,0.0,57.0,0.725,0.55,0.7025,4.110913359794159,5.445008493436789,3.524303921061853,0.468330593772055,0.9873417721518988,1.046972049689441,0.0,0.55875250746221,1.3087517030484999,0.556573552321571,0.8857310298345137,1.7658250514880185,1.4177539934962644,0.5121862193379748,0.5113622953784045,0.5113423403818551,0.5115118350021381
forgiveness,naive_high_alpha,4200,2302.0,11.51,0.0,4.0,0.875,0.825,0.71,3.8390317962247207,4.911386243971677,3.982456869377721,0.3428668647527907,0.9746835443037974,1.0198120973006726,0.0,0.528383980156873,0.7785715437217509,0.564299979526511,0.562101981373847,0.7663110764989705,0.8647896803281014,0.5122107329854888,0.7572914560301502,0.5114051352745294,0.511451510502399
forgiveness,naive_high_alpha,4201,2340.0,11.7,0.0,4.0,0.775,0.7,0.6975,4.620140424860539,4.963230618742676,3.5468228874906345,0.5810536132930146,1.0,1.0216548770902782,0.0,0.5471844418288971,1.0790182731882958,0.5243450886653995,0.7813137645348023,0.532098456687951,0.5139291613367665,0.5153306962006634,0.511522287589339,0.5122620435628643,0.511342166434592
forgiveness,naive_high_alpha,4202,2197.5,10.9875,0.03333333333333333,29.0,0.75,0.55,0.675,5.460864680579476,5.574557062342723,4.051753822292164,0.47985709229890006,0.9873417721518988,1.0670256440768726,1.0,0.6510128601420881,1.12768408262638,0.5836780024480094,0.8059427684066086,0.9702911369411495,1.2585870043599048,0.5145874987507748,0.5178932276172625,0.5114321457772522,0.5120460276073806
forgiveness,naive_high_alpha,4203,1850.0,9.25,0.03333333333333333,8.0,0.425,0.075,0.2375,7.00048255182099,7.088480484587435,6.56152258396978,0.8680179090024093,0.0759493670886076,0.9936959076824448,10.0,1.2294951064006567,0.7142838757096881,1.2232406140107754,1.0517475932556362,0.6303668708284045,0.6509016924800354,1.2844985265973747,1.3260039500805063,1.2628635507753145,1.2628635507753145
forgiveness,naive_high_alpha,4204,2349.0,11.745,0.03333333333333333,,0.0,0.0,0.73,4.405970271503669,4.000647873172532,4.155668375544768,0.12815995232743105,0.0,0.9444071978331412,,0.7745365127042677,0.7745365127042676,0.7745365127042676,0.7745365127042676,0.7745365127042676,0.7745365127042676,0.7745365127042676,0.7745365127042676,0.7745365127042676,0.7745365127042676
forgiveness,naive_high_alpha,4205,2247.0,11.235,0.0,12.0,0.05,0.0,0.675,5.480199420261557,4.656901637724042,4.05618316341745,0.43049305919544684,0.0,0.9928053525937124,,0.6480385446430438,0.5895348791982563,0.5480343834493876,0.6298671137485965,0.5819357367675999,0.5480343834493873,0.5480343834493873,0.5480343834493873,0.5480343834493873,0.5480343834493873
forgiveness,naive_high_alpha,4206,2087.5,10.4375,0.4,4.0,0.225,0.075,0.4275,7.555683011257938,6.656936891447282,4.673804477774455,0.9166904116334085,0.8354430379746836,1.157142857142857,2.0,1.1249495261474138,1.0437706072946134,0.5761993921792746,1.273785466227451,1.0320765198746835,0.8250778511570556,0.5179875918537374,0.6834970817004576,0.5164965920542691,0.6908581327997234
forgiveness,naive_high_alpha,4207,2339.0,11.695,0.0,,0.0,0.0,0.7425,4.422425643272038,4.160303392579549,4.122527632393922,0.230285982764686,0.0,1.0066134937980755,,0.6980000000000001,0.698,0.6980000000000001,0.698,0.698,0.698,0.698,0.698,0.698,0.698
forgiveness,naive_high_alpha,4208,2183.5,10.9175,0.03333333333333333,4.0,0.7,0.325,0.6575,4.804249852840149,5.89365392974242,4.460963036332453,0.5955160610880724,0.8987341772151899,0.9775008364001337,5.0,0.5851299856418611,1.3937813972077486,0.6288101333998838,0.7848969266645142,1.7517666701457373,1.3630624004800522,0.5276247015572955,0.5131074804949161,0.5348948987286877,0.5880027653302748
forgiveness,naive_high_alpha,4209,1799.0,8.995,0.4666666666666667,11.0,0.3,0.0,0.42,7.547761547662782,7.199980971232878,7.706877843836008,0.9653666558723716,0.06329113924050633,0.9326980792316929,15.0,0.8438817139474605,0.5249543604488565,1.186358823947449,0.529229932605201,0.5149293118117511,0.6502815622068798,0.9621700432958618,1.1353321603839595,1.5327477348921958,1.6412720100880234
forgiveness,naive_high_alpha,4210,2292.5,11.4625,0.0,21.0,0.85,0.6,0.71,4.415860599042504,5.100562854437217,3.5764946050852693,0.3932735111325185,1.0,1.0552931916568282,0.0,0.5528972836861905,1.0468170436043545,0.5246205971366995,1.0608797643138463,1.374868055698844,0.5179993657615244,0.5191629470596314,0.5121477079005512,0.5121804589311671,0.5115157130915079
forgiveness,naive_high_alpha,4211,1916.0,9.58,0.03333333333333333,4.0,0.575,0.225,0.4075,6.938260635434729,6.715794863033396,7.687791891846064,0.8426155666636351,0.5822784810126582,0.8255898103922421,0.0,0.904417264100638,1.136575319071166,1.3779393510630962,0.6716379171216657,1.0783983768979586,0.841142564681697,1.1576732170248227,1.5858903634515786,1.6398482980350422,1.6550346290409028
forgiveness,naive_high_alpha,4212,2162.0,10.81,0.0,20.0,0.6,0.325,0.605,4.51460543931564,6.526522183489101,4.6860673266914805,0.7918239771107201,0.7468354430379747,1.0800698657841514,6.0,0.6060210194970882,1.5505114132743734,0.7407393791537774,0.8716250423615141,1.5217416221492734,1.4274127617658936,0.9090926248768116,0.5130671486642666,0.7325000442843368,0.5128788387871781
forgiveness,naive_high_alpha,4213,2219.5,11.0975,0.03333333333333333,4.0,0.525,0.225,0.4825,4.640088767682056,5.252809205158544,5.020049540552407,0.5923581695585886,0.0759493670886076,0.9430272108843537,3.0,0.5512077943043346,1.6420837033086215,1.5839476557825694,0.6342639120973195,1.7852051208235917,1.7761490328915706,1.7398517131495361,1.7398517131495361,1.403615205393365,1.3360947543041441
forgiveness,naive_high_alpha,4214,2211.0,11.055,0.03333333333333333,8.0,0.5,0.225,0.63,4.646330328023856,6.092654003078405,3.9613292983268247,0.6935322430627188,0.7974683544303798,0.9952712792434046,4.0,0.56812786915131,1.6229438205313045,0.8241436637723971,1.0122548805983276,1.6473802308546552,1.650471496690998,1.5171535598729429,0.5130801440939947,0.512160123406976,0.5119870254146303
forgiveness,naive_high_alpha,4215,2036.0,10.18,0.03333333333333333,10.0,0.825,0.525,0.475,4.900249627963877,6.444665763868028,7.377735646845667,0.7803062120674611,0.43037974683544306,0.8506558741640117,0.0,0.6174987599891478,1.37777487524317,1.5700671020923507,0.7857188692116146,0.6237444176474233,1.6175325969212315,1.6029774924161457,1.6269399847753891,1.6870235011734602,1.73235877887271
forgiveness,naive_high_alpha,4216,2214.5,11.0725,0.0,10.0,0.85,0.575,0.65,5.3353446599623195,5.501323144970785,3.952164869604849,0.6551399759031606,0.9873417721518988,1.034042188303893,0.0,0.6374512939207746,1.3738298037655787,0.594895820133224,0.8217574403520129,1.1815527138685982,1.7231076574564306,0.7819615037941111,0.5113785218142305,0.5121826919569129,0.6797537696847448
forgiveness,naive_high_alpha,4217,2214.5,11.0725,0.06666666666666667,5.0,0.675,0.5,0.5025,4.885061066163464,5.096951691358867,5.765779470000963,0.6384296118928543,0.12658227848101267,0.9359305599907104,16.0,0.6059193045451136,1.3126144196768978,1.2750148981865157,0.7524337736574395,1.540577528274078,1.6555693469633743,1.4781219536128654,1.1198176228348693,1.5117349545415395,1.019084341961924
forgiveness,naive_high_alpha,4218,2187.5,10.9375,0.3,4.0,0.925,0.775,0.62,6.613388314039423,5.320106228709243,3.618383428670972,0.5360128317054003,1.0,1.1099176512710345,0.0,0.6692053539406639,0.9653545002338728,0.5528642735159031,0.8022427583188092,0.6320090073201513,0.8164288153573254,0.5396493309241879,0.5121601606915668,0.5113421693519897,0.562958040836004
forgiveness,naive_high_alpha,4219,2307.0,11.535,0.0,55.0,0.725,0.55,0.705,3.8850747007446422,5.386505744525307,3.5192416431387676,0.6129696597266406,1.0,1.046972049689441,0.0,0.5349085600460356,1.3088148898633778,0.5505798637240893,0.8857316041083232,1.765742543394355,1.418056972156178,0.5121852174250328,0.5113613536518447,0.511342343971015,0.5115118352070264
forgiveness,naive_low_alpha,4200,2286.0,11.43,0.0,89.0,0.1,0.075,0.475,6.426939874097671,6.65752479673886,6.829725734780799,0.14334560637495816,0.4810126582278481,0.9287885366912723,5.0,0.7902202443283911,0.8429814605211,0.8865836132236049,0.8122926029436666,0.8334815891250856,0.8729372836822721,0.9071140132466128,0.8997793978460535,0.8804856999676589,0.8457799850411436
forgiveness,naive_low_alpha,4201,2232.5,11.1625,0.06666666666666667,4.0,0.85,0.7,0.6575,6.66294115435125,6.469758931310705,6.056720053793944,0.16327242435877345,0.9113924050632911,0.9955235500194629,0.0,0.8091605386496731,0.9456154263114467,0.889374456685709,0.8671599664121588,0.9577556096323107,0.9812028472057475,0.9198621815663237,0.901677571780386,0.8502740326776788,0.8260541065192698
forgiveness,naive_low_alpha,4202,2232.5,11.1625,0.0,71.0,0.1,0.025,0.605,6.689678895470332,6.550135204877992,6.898125433041814,0.16042058874582296,0.17721518987341772,0.9552346362273723,12.0,0.8396513064573214,0.9661299163016086,1.0012175747061969,0.9410374072136816,0.9573897670913967,0.9854771902160857,0.9917074415321913,1.0131793610459645,1.0132440642141067,1.013540652309577
forgiveness,naive_low_alpha,4203,1813.0,9.065,0.03333333333333333,4.0,0.15,0.025,0.3825,7.637354743783562,7.647179353978596,7.853840587977164,0.295905116447645,0.4050632911392405,1.0324625361814384,12.0,0.8291645298398924,0.9057965788427896,1.0117093696336192,0.9010512704704315,0.9085792122174638,0.9055486413679248,0.9362184757922116,1.0382057298129679,1.0583893232646413,1.0974671105691052
forgiveness,naive_low_alpha,4204,2270.5,11.3525,0.06666666666666667,87.0,0.0,0.0,0.6625,6.19661349748029,6.4474982499935205,6.622752616872061,0.12651528973479223,0.05063291139240506,0.9799919967987196,47.0,0.7190526055248041,0.7336526719308896,0.7426925101626316,0.7336526719308896,0.7336526719308896,0.7336526719308896,0.7336526719308896,0.7336526719308896,0.7490386249651075,0.7892101408549326
forgiveness,naive_low_alpha,4205,2218.5,11.0925,0.0,12.0,0.025,0.0,0.67,6.94969717688035,6.391566023990166,6.423766822407952,0.13975184312784614,0.0,0.9958262571601278,,0.724295356806518,0.7345142253824137,0.7379667712365875,0.7264582850560083,0.7379667712365876,0.7379667712365876,0.7379667712365876,0.7379667712365876,0.7379667712365876,0.7379667712365876
forgiveness,naive_low_alpha,4206,1970.5,9.8525,0.4,4.0,0.35,0.225,0.4375,7.4058925228699035,7.655881359686987,7.714419352676733,0.29983233181283164,0.34177215189873417,0.9621395553598944,1.0,0.8027506837962626,1.0133128076744875,1.0723985071927638,0.9613621180185261,1.0202194979706447,1.040841827394002,1.0510920661006269,1.0688410935337762,1.1049313880359477,1.1015172103111095
forgiveness,naive_low_alpha,4207,2276.5,11.3825,0.0,63.0,0.0,0.0,0.6275,6.221271235455673,6.3955492130496,6.59797426180691,0.11689320182494645,0.379746835443038,1.06387846618468,23.0,0.7194297788082624,0.7599032752864046,0.8085664723620299,0.7599032752864046,0.7599032752864046,0.7599032752864046,0.7599032752864046,0.8379463676851722,0.8268066047391541,0.8314471188244738
forgiveness,naive_low_alpha,4208,2188.0,10.94,0.03333333333333333,71.0,0.425,0.225,0.5425,6.618175328295191,6.949923571309748,6.74635247344512,0.17759680989007093,0.5189873417721519,1.0938212957464761,9.0,0.8657048306341778,1.0712849883967361,0.9928299998944587,0.9347324211675272,1.0918242915918197,1.124836134985859,1.0893975503408855,0.9372584613914647,0.9361500444319861,0.9237057640225683
forgiveness,naive_low_alpha,4209,1978.5,9.8925,0.4666666666666667,68.0,0.0,0.0,0.4,7.511513543416953,7.633203123449869,6.791651377214268,0.2631652199909622,0.5443037974683544,1.1732247693597988,22.0,0.7925441567933067,0.8519763318465756,0.887006096029533,0.8519763318465756,0.8519763318465756,0.8519763318465756,0.8519763318465756,0.8942161195758853,0.9397556749429199,0.8609942772695217
forgiveness,naive_low_alpha,4210,2268.5,11.3425,0.0,4.0,0.925,0.725,0.69,6.343120107525915,6.4503580131659275,5.904301515428564,0.13342024198920088,0.9746835443037974,1.0403039877038682,0.0,0.8447126819199458,0.9632975965254882,0.8834919280453877,0.8803398930052285,0.9212384289361404,1.0062300428576363,0.9528427818368104,0.8637394443379309,0.8177013713647203,0.8331015544351389
forgiveness,naive_low_alpha,4211,1847.5,9.2375,0.0,4.0,0.7,0.325,0.4925,7.5701091084769905,7.739704982336699,7.56366304247025,0.27380092476865114,0.810126582278481,1.0225694444444444,0.0,0.9266320208278929,1.085023025297268,1.1255566338621033,1.0562929054375654,1.0850855722612631,1.0965602896536346,1.104215939120974,1.1454256397144649,1.1503341024674816,1.1256270785528961
forgiveness,naive_low_alpha,4212,2117.5,10.5875,0.0,20.0,0.55,0.325,0.4475,6.427465622607221,7.135294885086612,6.942955844465465,0.2581643062443356,0.16455696202531644,1.0068328216242248,6.0,0.8598482092300845,1.1087035215915133,1.1170745185030437,0.9524282075092196,1.140756823440133,1.1555121501787635,1.127264598067966,1.11568524016859,1.1055663005090737,1.0849758147772963
forgiveness,naive_low_alpha,4213,2156.0,10.78,0.03333333333333333,4.0,0.575,0.35,0.66,6.319756908815806,6.873714759559373,6.402206942492761,0.1806858664468687,0.9620253164556962,1.0109867810760667,0.0,0.8186813988749158,1.029824893639598,0.9747658671106638,0.8543850899722767,1.046173018694695,1.1123533507397005,1.0593059250108914,0.9924745926371397,0.8860252562847248,0.8768780395669393
forgiveness,naive_low_alpha,4214,2145.0,10.725,0.0,4.0,0.625,0.4,0.61,6.909130044271836,7.0604789377172015,6.367472314970975,0.22516745890914328,0.8734177215189873,0.9923969587835134,4.0,0.8540567275226543,1.0368689036039724,0.9724006337942689,0.8632655895242147,1.026053068214667,1.1288588281391958,1.0552961273638957,0.9141673771677108,0.9144083821519805,0.9072577308135641
forgiveness,naive_low_alpha,4215,2130.0,10.65,0.03333333333333333,9.0,0.8,0.525,0.64,6.357490950325672,7.0592809517093125,6.550955221144383,0.19926842936089878,0.8481012658227848,0.9857200670636528,0.0,0.8199389543951975,1.047822970664588,0.9901852259111223,0.8794381136386544,1.0466975259590892,1.1241941381096376,1.031067814799715,0.9523059526110832,0.9161606655011588,0.9395806723919597
forgiveness,naive_low_alpha,4216,2231.5,11.1575,0.0,21.0,0.9,0.65,0.675,6.190493661668545,6.715756623685204,6.060957264792091,0.15479490953246108,0.9493670886075949,1.027493924399028,0.0,0.823019646452266,1.0189102442678917,0.9054326058464902,0.9251129263158885,1.0077283102116543,1.032771390504105,0.9651314583488746,0.8478047772553078,0.8904730755316648,0.8880313325888469
forgiveness,naive_low_alpha,4217,2233.5,11.1675,0.03333333333333333,4.0,0.95,0.75,0.6825,6.399040520457963,6.488183673465118,5.998568980072228,0.1583188666589674,0.9620253164556962,1.0355767839050514,0.0,0.8298296697462753,0.9972643176617819,0.8955813747338072,0.9055585473955134,1.0094660447239971,1.104974240890787,0.9492106318845339,0.8685697905611589,0.8238916163965763,0.8590108249910728
forgiveness,naive_low_alpha,4218,2193.0,10.965,0.06666666666666667,4.0,0.9,0.675,0.6575,6.881756573018948,6.603055352579474,5.840625462094349,0.16915723787024703,0.9873417721518988,1.0878659833977642,0.0,0.8389185357509354,1.0466199551805193,0.9255583584815272,0.9364755088947088,1.074298600350575,1.094965660605654,1.0116422499666338,0.8783628914055177,0.8193830517723663,0.884616708734703
forgiveness,naive_low_alpha,4219,2260.5,11.3025,0.0,44.0,0.75,0.55,0.6875,5.8439106945969215,6.721908383584695,5.876987867697332,0.1558737956113337,0.9620253164556962,1.0435695836053476,0.0,0.8099822588501316,1.023910314147344,0.9119477578186316,0.8974720962458341,1.052916418713877,1.0993262853350738,0.9491526712031442,0.9019227812037175,0.8303888975111875,0.8191642247924333
forgiveness,no_affect,4200,2214.0,11.07,0.0,4.0,0.925,0.775,0.6875,6.8452288387752445,6.671086069617574,6.484406651488927,,0.9746835443037974,1.0240323203517214,0.0,,,,,,,,,,
forgiveness,no_affect,4201,2051.5,10.2575,0.03333333333333333,14.0,0.425,0.35,0.485,7.956860594790254,7.520231813721616,6.814712041458969,,0.759493670886076,1.0972734693877553,0.0,,,,,,,,,,
forgiveness,no_affect,4202,2157.5,10.7875,0.0,6.0,0.95,0.675,0.72,6.847193664104417,6.624976643000391,6.433431769819516,,0.9873417721518988,1.0460973863229501,0.0,,,,,,,,,,
forgiveness,no_affect,4203,1787.5,8.9375,0.06666666666666667,25.0,0.075,0.0,0.4375,7.863094501275513,7.597669453183487,7.710255888333245,,0.46835443037974683,1.0854105000778937,12.0,,,,,,,,,,
forgiveness,no_affect,4204,2220.0,11.1,0.03333333333333333,87.0,0.0,0.0,0.6575,7.016130554078785,6.750830956598045,6.670683042909448,,0.0379746835443038,1.0187575030012006,47.0,,,,,,,,,,
forgiveness,no_affect,4205,1931.5,9.6575,0.0,12.0,0.025,0.0,0.325,8.039786776992885,7.6807104894218945,7.22437658498706,,0.46835443037974683,1.177104921142295,33.0,,,,,,,,,,
forgiveness,no_affect,4206,2207.0,11.035,0.03333333333333333,30.0,0.025,0.0,0.6325,6.810842360567981,6.712784194956774,7.090505402719285,,0.31645569620253167,1.056356487549148,12.0,,,,,,,,,,
forgiveness,no_affect,4207,2297.0,11.485,0.0,4.0,0.1,0.075,0.5675,6.881088640730541,6.957311492038777,6.857691944787769,,0.5316455696202531,1.0141969831410826,2.0,,,,,,,,,,
forgiveness,no_affect,4208,2130.0,10.65,0.03333333333333333,4.0,0.65,0.3,0.4875,7.155766191683483,7.150072560179657,6.800327039794027,,0.05063291139240506,1.029353792036874,54.0,,,,,,,,,,
forgiveness,no_affect,4209,1772.5,8.8625,0.1,4.0,0.25,0.125,0.315,8.014199581134854,7.675903405557933,7.524868813598108,,0.0379746835443038,0.908453772968262,40.0,,,,,,,,,,
forgiveness,no_affect,4210,2236.5,11.1825,0.03333333333333333,4.0,0.925,0.65,0.685,6.887318407523866,6.570524602131697,6.374518384498677,,0.9620253164556962,1.0108506212402317,0.0,,,,,,,,,,
forgiveness,no_affect,4211,1994.0,9.97,0.06666666666666667,4.0,0.525,0.2,0.515,7.825411944541113,7.760336538538001,7.208729120540938,,0.8227848101265823,1.174776732656457,0.0,,,,,,,,,,
forgiveness,no_affect,4212,2011.0,10.055,0.0,9.0,0.7,0.4,0.4575,7.650721649913359,7.524281641740137,7.5139226202904705,,0.43037974683544306,1.0109307818082722,2.0,,,,,,,,,,
forgiveness,no_affect,4213,2232.5,11.1625,0.03333333333333333,101.0,0.025,0.0,0.6525,7.151633758152559,6.623148653938648,6.75340170983785,,0.12658227848101267,1.0955929316585056,26.0,,,,,,,,,,
forgiveness,no_affect,4214,2123.0,10.615,0.0,5.0,0.5,0.25,0.585,7.266463676878974,7.3436499016202,6.758222405024559,,0.8734177215189873,1.0155031969869492,0.0,,,,,,,,,,
forgiveness,no_affect,4215,2106.5,10.5325,0.0,9.0,0.725,0.4,0.6125,6.881432659296044,7.300557486890885,7.107909266939324,,0.7468354430379747,0.9896501457725947,0.0,,,,,,,,,,
forgiveness,no_affect,4216,2165.5,10.8275,0.03333333333333333,8.0,0.925,0.65,0.635,7.206997751417302,6.6862050814139025,6.378009364124331,,0.9493670886075949,1.014039658416558,0.0,,,,,,,,,,
forgiveness,no_affect,4217,2216.5,11.0825,0.03333333333333333,53.0,0.0,0.0,0.6325,6.887927706104132,6.582980578385221,6.996613405738999,,0.24050632911392406,1.090125290622578,11.0,,,,,,,,,,
forgiveness,no_affect,4218,2185.0,10.925,0.1,4.0,0.9,0.75,0.6525,7.318719676246282,6.607453598516625,6.302502824509081,,1.0,1.0780259084487993,0.0,,,,,,,,,,
forgiveness,no_affect,4219,2253.5,11.2675,0.0,4.0,0.85,0.65,0.6975,6.603968069745861,6.731918130567573,6.271264378608778,,0.9620253164556962,1.0437889441490884,0.0,,,,,,,,,,
