experiment_id,variant_id,seed,cumulative_payoff,mean_payoff,early_exploitation_rate,betrayal_recovery_time,post_betrayal_p0_selection_rate,post_betrayal_p0_high_investment_rate,selection_gini,entropy_early,entropy_mid,entropy_late,beta_range,alpha
betrayal,alpha_0p05,14200,1983.5,9.9175,0.0,55.0,0.075,0.0,0.54,8.758571657776216,8.729302454494436,8.710192107181538,0.14412148052441803,0.05
betrayal,alpha_0p05,14201,1966.5,9.8325,0.0,4.0,0.95,0.675,0.625,8.467345726250088,8.326527391108558,8.766987482691631,0.13085796299892644,0.05
betrayal,alpha_0p05,14202,1887.5,9.4375,0.0,8.0,0.375,0.1,0.175,9.198931749647903,9.274506156241499,9.27524150289008,0.15871451389790897,0.05
betrayal,alpha_0p05,14203,2022.5,10.1125,0.0,28.0,0.05,0.0,0.5975,8.651798335518897,8.606888566998,8.709137892342792,0.14222756506318807,0.05
betrayal,alpha_0p05,14204,1874.5,9.3725,0.0,7.0,0.1,0.0,0.4325,9.023081911840066,8.793048559480305,8.677211792019648,0.15005603198787631,0.05
betrayal,alpha_0p05,14205,1969.5,9.8475,0.0,4.0,0.875,0.55,0.5625,8.451839515104657,8.661168355470334,9.059621116114439,0.14830095409940314,0.05
betrayal,alpha_0p05,14206,1829.5,9.1475,0.0,4.0,0.8,0.375,0.3325,8.946101141617454,8.686786807697633,8.597187608794671,0.1540268888047146,0.05
betrayal,alpha_0p05,14207,1884.0,9.42,0.0,20.0,0.15,0.05,0.5275,8.688650301685188,8.803204889705109,8.619497054261318,0.13842382184525331,0.05
betrayal,alpha_0p05,14208,1888.5,9.4425,0.0,9.0,0.4,0.25,0.435,8.883828828952083,8.872266828082253,8.90880769373684,0.14550733458589998,0.05
betrayal,alpha_0p05,14209,1941.5,9.7075,0.0,117.0,0.125,0.0,0.2,9.191273361056677,9.233522635833658,9.062590553139048,0.16981856050794863,0.05
betrayal,alpha_0p05,14210,1918.0,9.59,0.0,4.0,0.05,0.05,0.5425,8.790819008048627,8.79683036968636,8.798762094121031,0.14189020481243436,0.05
betrayal,alpha_0p05,14211,1900.0,9.5,0.0,4.0,0.225,0.1,0.2775,9.267591112908699,9.170398074393125,8.972155139683172,0.15770939863832228,0.05
betrayal,alpha_0p05,14212,1938.0,9.69,0.0,4.0,0.1,0.025,0.59,8.857113441220696,8.641690908616948,8.64070794437336,0.13707224356625497,0.05
betrayal,alpha_0p05,14213,1879.5,9.3975,0.0,4.0,0.5,0.225,0.3975,9.09348793905896,9.007973682748075,9.134950380031984,0.13026831876805678,0.05
betrayal,alpha_0p05,14214,1861.0,9.305,0.0,4.0,0.225,0.075,0.3575,9.028327347553688,9.08887052616898,8.89645289856723,0.13569435105808209,0.05
betrayal,alpha_0p05,14215,1818.0,9.09,0.0,27.0,0.475,0.225,0.2475,9.006816572059426,8.985761625984196,8.527480211204324,0.15213763549730858,0.05
betrayal,alpha_0p05,14216,1885.0,9.425,0.0,8.0,0.65,0.25,0.3925,8.84833394468793,8.96615204782187,9.194759723923243,0.15697731172312251,0.05
betrayal,alpha_0p05,14217,1877.0,9.385,0.0,18.0,0.325,0.125,0.4875,8.833098119946923,8.850563877925056,8.65187086365287,0.1434177635426223,0.05
betrayal,alpha_0p05,14218,1851.0,9.255,0.0,4.0,0.5,0.175,0.315,9.044360551727387,8.946651508062939,9.108216098799899,0.16403212338344958,0.05
betrayal,alpha_0p05,14219,2117.5,10.5875,0.0,30.0,0.225,0.15,0.42,9.098618084774913,8.963653232428907,8.603576900601569,0.14743754410588494,0.05
betrayal,alpha_0p1,14200,1904.0,9.52,0.0,107.0,0.15,0.025,0.3625,9.06852320467001,8.964454248903442,9.111695813360209,0.17635209570981564,0.1
betrayal,alpha_0p1,14201,1878.5,9.3925,0.0,4.0,0.8,0.35,0.46,8.598169717523877,8.752947404721755,8.911249237512886,0.205338686424207,0.1
betrayal,alpha_0p1,14202,1852.5,9.2625,0.0,6.0,0.275,0.075,0.185,9.24307281697953,9.242068754353756,9.32183882560041,0.20529913106728231,0.1
betrayal,alpha_0p1,14203,1992.5,9.9625,0.0,4.0,0.925,0.6,0.64,8.481808588067658,8.423632066304572,8.48926227494055,0.14845909989339173,0.1
betrayal,alpha_0p1,14204,1912.5,9.5625,0.0,64.0,0.025,0.025,0.385,8.793840669861833,9.051636270046277,9.00943107196171,0.18876255178482154,0.1
betrayal,alpha_0p1,14205,2089.5,10.4475,0.0,4.0,0.575,0.3,0.4425,8.468272400942704,8.776747864347863,8.483856315567724,0.18983293815884036,0.1
betrayal,alpha_0p1,14206,1815.0,9.075,0.0,4.0,0.725,0.225,0.3425,8.968765569141045,8.720595651371632,8.581199460188566,0.19491927344204624,0.1
betrayal,alpha_0p1,14207,1877.0,9.385,0.0,4.0,0.475,0.225,0.4,8.958950267199436,8.938601714820406,9.134522574516533,0.16818658642655182,0.1
betrayal,alpha_0p1,14208,2049.0,10.245,0.0,4.0,0.125,0.025,0.6175,8.685625612487474,8.439509606005931,8.609861534713655,0.1948301968611288,0.1
betrayal,alpha_0p1,14209,1948.0,9.74,0.0,4.0,0.15,0.05,0.285,9.230042635089294,9.226603848449576,9.059816717578627,0.220807502025607,0.1
betrayal,alpha_0p1,14210,2209.0,11.045,0.0,4.0,0.025,0.0,0.585,8.78763796985559,8.419369922284636,8.301360364497686,0.14008924785802063,0.1
betrayal,alpha_0p1,14211,1902.5,9.5125,0.0,4.0,0.05,0.025,0.4925,9.00739833627855,8.753021983129514,8.876428478970205,0.17856759655033194,0.1
betrayal,alpha_0p1,14212,1840.5,9.2025,0.0,34.0,0.25,0.15,0.295,9.202323212903858,9.041972807718766,8.941749725166746,0.17735026021455452,0.1
betrayal,alpha_0p1,14213,1925.0,9.625,0.0,23.0,0.075,0.0,0.28,9.098548149944632,9.078526193531232,9.145867304362735,0.18827903700234477,0.1
betrayal,alpha_0p1,14214,1876.0,9.38,0.0,4.0,0.2,0.025,0.39,9.151408645292063,9.111930594935892,8.939760454204885,0.16167234621084425,0.1
betrayal,alpha_0p1,14215,1840.5,9.2025,0.0,60.0,0.05,0.0,0.34,8.989768008406456,8.894444092470382,8.830521663308486,0.15813343476786162,0.1
betrayal,alpha_0p1,14216,1828.5,9.1425,0.0,7.0,0.5,0.3,0.3225,9.106401414315815,8.979651557603278,8.838158806619575,0.20950914710953877,0.1
betrayal,alpha_0p1,14217,1952.0,9.76,0.0,79.0,0.05,0.025,0.625,8.676303806534465,8.58715382332262,8.60262015563628,0.16392635138784833,0.1
betrayal,alpha_0p1,14218,1798.5,8.9925,0.0,4.0,0.425,0.15,0.3125,9.018186211511942,9.06089611272864,9.142152276918331,0.161744612040348,0.1
betrayal,alpha_0p1,14219,1894.0,9.47,0.0,4.0,0.4,0.1,0.1725,9.147835052367235,9.208153270002633,9.353354508753727,0.19956974279747303,0.1
betrayal,alpha_0p3,14200,1874.5,9.3725,0.0,22.0,0.15,0.05,0.3875,9.150684764657093,9.034845960199819,9.059821787770266,0.28981529720404736,0.3
betrayal,alpha_0p3,14201,1803.0,9.015,0.0,61.0,0.375,0.175,0.435,8.873167070503376,9.054250218775033,9.007738811849809,0.35819059055860286,0.3
betrayal,alpha_0p3,14202,1921.0,9.605,0.0,32.0,0.15,0.075,0.1125,9.049593837727537,9.267597063149141,9.350055771722383,0.32959325759531505,0.3
betrayal,alpha_0p3,14203,1920.5,9.6025,0.0,4.0,0.7,0.275,0.4875,8.14715739787371,8.430067249219444,8.889927153452984,0.3192870412335998,0.3
betrayal,alpha_0p3,14204,1903.5,9.5175,0.0,7.0,0.05,0.0,0.38,9.021981980129375,8.997981593879981,8.923679428830999,0.29772847074112474,0.3
betrayal,alpha_0p3,14205,1829.0,9.145,0.0,4.0,0.625,0.15,0.335,9.060729047414418,8.897774011473278,8.637324942915127,0.34541599184269334,0.3
betrayal,alpha_0p3,14206,1817.5,9.0875,0.0,4.0,0.65,0.15,0.5,8.89467749777622,8.979534693600655,8.766719541640906,0.30349558415989353,0.3
betrayal,alpha_0p3,14207,2168.0,10.84,0.0,,0.075,0.05,0.6525,8.606862161626731,8.153834337732945,7.894381601784211,0.22987491837354862,0.3
betrayal,alpha_0p3,14208,1851.0,9.255,0.0,4.0,0.35,0.125,0.4325,8.918100661956569,9.015002747782106,8.927182227840987,0.32327403928638887,0.3
betrayal,alpha_0p3,14209,1910.0,9.55,0.0,4.0,0.35,0.175,0.1225,9.16797953598377,9.320537202839077,9.389001681783315,0.38812970934282515,0.3
betrayal,alpha_0p3,14210,1831.0,9.155,0.0,4.0,0.175,0.075,0.355,9.073960275537207,9.094097465593602,8.933384322701954,0.2961418829616865,0.3
betrayal,alpha_0p3,14211,2096.5,10.4825,0.0,109.0,0.0,0.0,0.565,9.018888456015306,8.26581989734374,8.872870599473162,0.3285921114435624,0.3
betrayal,alpha_0p3,14212,1875.0,9.375,0.0,33.0,0.3,0.125,0.205,9.197387099985972,9.237886883216936,9.12914984578146,0.2869310437601554,0.3
betrayal,alpha_0p3,14213,1906.0,9.53,0.0,23.0,0.05,0.0,0.4925,9.16769439311915,9.065819875805534,9.063230735762914,0.306341653613016,0.3
betrayal,alpha_0p3,14214,1887.5,9.4375,0.0,4.0,0.275,0.05,0.285,8.93736883678684,9.1175350158338,9.129224604200253,0.3300232341602557,0.3
betrayal,alpha_0p3,14215,1825.5,9.1275,0.0,7.0,0.45,0.125,0.22,9.087230845709136,8.733459890562068,8.586052489715174,0.42763184697701034,0.3
betrayal,alpha_0p3,14216,1950.0,9.75,0.0,,0.675,0.35,0.435,8.214271560837247,8.688352869576029,9.183594835759422,0.42838174260543543,0.3
betrayal,alpha_0p3,14217,1876.5,9.3825,0.0,22.0,0.225,0.1,0.485,8.722344264272744,8.793458851576911,8.565551579951226,0.3020810157964019,0.3
betrayal,alpha_0p3,14218,2097.0,10.485,0.0,4.0,0.125,0.025,0.595,8.590583213631385,8.52591013141423,8.605455122638698,0.332991462987978,0.3
betrayal,alpha_0p3,14219,1918.0,9.59,0.0,32.0,0.1,0.0,0.305,9.143870005826756,9.252267978314604,9.134130181801801,0.3006694946511469,0.3
betrayal,alpha_0p5,14200,1858.5,9.2925,0.0,22.0,0.15,0.075,0.23,9.204128827708253,9.151383750233617,9.19090215089392,0.4392610499066715,0.5
betrayal,alpha_0p5,14201,1917.0,9.585,0.0,34.0,0.4,0.2,0.41,8.704218814755961,9.039200317765692,9.17630518359455,0.5356121959520364,0.5
betrayal,alpha_0p5,14202,2186.0,10.93,0.0,102.0,0.05,0.0,0.63,8.41107078323094,7.932513982210655,7.758977572307989,0.33030045559996013,0.5
betrayal,alpha_0p5,14203,1832.0,9.16,0.0,7.0,0.4,0.1,0.425,8.63990082457487,8.827618901743367,8.478287884309125,0.5784233516699739,0.5
betrayal,alpha_0p5,14204,1875.0,9.375,0.0,14.0,0.05,0.025,0.3725,9.054310923513038,9.038495004971189,8.965279149364637,0.3923276743819315,0.5
betrayal,alpha_0p5,14205,1833.5,9.1675,0.0,4.0,0.375,0.05,0.4125,8.950744272773642,8.626586303669946,8.431773657585264,0.4985669334728986,0.5
betrayal,alpha_0p5,14206,1864.0,9.32,0.0,4.0,0.65,0.175,0.425,9.091977592635295,8.917249263819125,8.363346744768487,0.49976471484553475,0.5
betrayal,alpha_0p5,14207,2201.5,11.0075,0.0,7.0,0.05,0.025,0.69,8.438855495669586,7.7533504654164505,7.5791678607673525,0.19048229139080536,0.5
betrayal,alpha_0p5,14208,2216.5,11.0825,0.0,4.0,0.075,0.05,0.69,7.8966607559850726,7.53132685944366,8.022257338143753,0.23460824818644016,0.5
betrayal,alpha_0p5,14209,1849.5,9.2475,0.0,14.0,0.225,0.025,0.0425,9.360920138867701,9.327197979209211,9.19353170922052,0.47713067883388544,0.5
betrayal,alpha_0p5,14210,1851.0,9.255,0.0,4.0,0.35,0.125,0.245,9.034748365910124,9.13959982822114,9.029600239755553,0.39662074001795844,0.5
betrayal,alpha_0p5,14211,2144.5,10.7225,0.0,4.0,0.025,0.025,0.5475,9.216270329252476,7.8644395930462165,8.193485771304832,0.35786543577651764,0.5
betrayal,alpha_0p5,14212,2206.5,11.0325,0.0,4.0,0.05,0.025,0.615,8.559995106827968,7.867322141825127,8.034913603124174,0.28044835587855066,0.5
betrayal,alpha_0p5,14213,2137.0,10.685,0.0,36.0,0.05,0.025,0.65,8.757665269102864,8.090601097113861,7.957879088181537,0.27948146197756385,0.5
betrayal,alpha_0p5,14214,1907.5,9.5375,0.0,4.0,0.1,0.075,0.45,8.517736374335975,9.0005392693365,9.00810697163786,0.46422581431959525,0.5
betrayal,alpha_0p5,14215,1804.5,9.0225,0.0,31.0,0.45,0.2,0.245,9.033051092193874,9.039153622360514,8.910256004148538,0.5092112824017674,0.5
betrayal,alpha_0p5,14216,1824.5,9.1225,0.0,11.0,0.35,0.125,0.1775,9.23281645736,9.280991150907505,9.110838014831685,0.42914162053854277,0.5
betrayal,alpha_0p5,14217,1928.5,9.6425,0.0,24.0,0.5,0.3,0.495,8.800772985927956,8.656719837098322,8.997538236605585,0.44109491687680363,0.5
betrayal,alpha_0p5,14218,1832.5,9.1625,0.0,6.0,0.375,0.1,0.33,9.10262132024084,9.068764062839511,9.023607470627274,0.45895625410099733,0.5
betrayal,alpha_0p5,14219,2121.0,10.605,0.0,,0.25,0.175,0.38,9.084451598281001,8.355210980387193,8.169514848885782,0.5226898266674973,0.5
betrayal,alpha_1p0,14200,1884.0,9.42,0.0,104.0,0.125,0.025,0.3625,9.162062787996133,9.05775295631591,9.150193144170826,0.6146736548114415,1.0
betrayal,alpha_1p0,14201,1836.5,9.1825,0.0,65.0,0.375,0.125,0.3825,8.902477313329,9.171844119929029,9.140250649166399,0.6419772794809885,1.0
betrayal,alpha_1p0,14202,1931.0,9.655,0.0,4.0,0.6,0.275,0.39,7.993343608290046,8.683003150022724,9.44380587494634,0.6848539329785597,1.0
betrayal,alpha_1p0,14203,2141.5,10.7075,0.0,,0.225,0.1,0.4925,8.10143157521483,7.9978171414618995,7.566797517535559,0.5197680087258842,1.0
betrayal,alpha_1p0,14204,1895.5,9.4775,0.0,28.0,0.125,0.025,0.3425,8.949187793782514,8.878158454154738,8.093369364529538,0.6136335734891301,1.0
betrayal,alpha_1p0,14205,1834.5,9.1725,0.0,37.0,0.35,0.1,0.245,9.05437599056446,9.169186457982043,8.545872841618433,0.6123323088866551,1.0
betrayal,alpha_1p0,14206,1921.0,9.605,0.0,4.0,0.775,0.375,0.4925,8.100804827285451,8.369665406961321,7.516079478446178,0.6606329850244359,1.0
betrayal,alpha_1p0,14207,1887.5,9.4375,0.0,20.0,0.35,0.075,0.4425,8.879212005911844,9.054839375932165,8.876187347671012,0.6062351209629038,1.0
betrayal,alpha_1p0,14208,2168.5,10.8425,0.0,,0.05,0.0,0.5925,9.000297341433358,7.41711148212184,7.573644871394094,0.48215047829193336,1.0
betrayal,alpha_1p0,14209,2132.0,10.66,0.0,4.0,0.15,0.15,0.3675,9.183079406070428,8.074347535816758,7.849743832738654,0.5634970826707465,1.0
betrayal,alpha_1p0,14210,1857.5,9.2875,0.0,4.0,0.125,0.025,0.26,9.073954148961807,8.949605436149277,7.49565000880002,0.6045672300508438,1.0
betrayal,alpha_1p0,14211,1922.5,9.6125,0.0,4.0,0.075,0.025,0.5325,9.036094115055622,8.86936867343566,8.930636589402456,0.5650961190475166,1.0
betrayal,alpha_1p0,14212,1896.5,9.4825,0.0,6.0,0.45,0.05,0.24,9.230711603459385,8.952972837398995,8.851296847429373,0.7087621705525331,1.0
betrayal,alpha_1p0,14213,1837.0,9.185,0.0,36.0,0.325,0.2,0.28,9.0487221502501,9.199461889139966,9.119528113417683,0.5368436822851586,1.0
betrayal,alpha_1p0,14214,1838.5,9.1925,0.0,4.0,0.35,0.225,0.2125,9.0500341278607,9.196212067394688,8.792672411515763,0.6613990662396609,1.0
betrayal,alpha_1p0,14215,2103.0,10.515,0.0,,0.0,0.0,0.5325,9.117507292970442,7.684644567935723,7.115833168195639,0.5914793509041882,1.0
betrayal,alpha_1p0,14216,1930.0,9.65,0.0,,0.675,0.375,0.4775,8.264597325084281,8.628549905230571,9.221928626418858,0.6954398434267507,1.0
betrayal,alpha_1p0,14217,2242.5,11.2125,0.0,26.0,0.075,0.025,0.655,7.409865566432606,7.416249626089938,6.77829977876347,0.25540243025393483,1.0
betrayal,alpha_1p0,14218,2143.0,10.715,0.0,26.0,0.025,0.025,0.64,8.039536351986783,8.16612901877684,7.7732436032578285,0.271718521348544,1.0
betrayal,alpha_1p0,14219,1883.5,9.4175,0.0,,0.175,0.1,0.0925,9.204120929784212,9.35911479100174,9.408464757929025,0.7007379597503449,1.0
betrayal,alpha_2p0,14200,1876.0,9.38,0.0,88.0,0.125,0.05,0.365,9.217500532684367,8.950844503437917,9.0727401686654,0.8777915957351792,2.0
betrayal,alpha_2p0,14201,1825.5,9.1275,0.0,47.0,0.325,0.175,0.375,8.821953197898933,9.149455594088904,8.815312676329679,0.9013692326508138,2.0
betrayal,alpha_2p0,14202,1884.5,9.4225,0.0,78.0,0.2,0.025,0.0875,9.31992836470642,9.421937791394747,9.252005652500438,0.8825488156427905,2.0
betrayal,alpha_2p0,14203,1858.0,9.29,0.0,29.0,0.1,0.05,0.3625,8.742187801666589,8.919603321332819,8.87226250113604,1.0875787026960824,2.0
betrayal,alpha_2p0,14204,1884.0,9.42,0.0,65.0,0.025,0.0,0.4025,9.053864463110152,8.763873349340322,8.67502398363872,0.9259338782111843,2.0
betrayal,alpha_2p0,14205,1843.0,9.215,0.0,4.0,0.75,0.125,0.4075,8.996947752372472,8.552645591975418,7.4832476672603345,0.9830033645593723,2.0
betrayal,alpha_2p0,14206,1816.0,9.08,0.0,4.0,0.725,0.325,0.4575,9.068823828453471,8.727090406107036,6.52490794710499,0.9792839104324236,2.0
betrayal,alpha_2p0,14207,1868.0,9.34,0.0,25.0,0.225,0.075,0.2675,9.159674725029243,9.194614439158473,9.003959921105242,0.7773896482166962,2.0
betrayal,alpha_2p0,14208,1845.5,9.2275,0.0,4.0,0.375,0.15,0.4575,8.708912988728784,8.84662313124428,8.321698646469454,0.9525370588991302,2.0
betrayal,alpha_2p0,14209,1978.0,9.89,0.0,4.0,0.675,0.35,0.32,8.888710016692883,8.565532951029304,9.447389139569317,0.9170727736419297,2.0
betrayal,alpha_2p0,14210,1876.5,9.3825,0.0,4.0,0.4,0.075,0.2475,9.037750089130327,8.444571014990196,8.821415410865903,0.9247674154151698,2.0
betrayal,alpha_2p0,14211,2248.5,11.2425,0.0,,0.0,0.0,0.515,8.512572555584173,7.593471035415065,7.5676790362094755,0.5091628220933255,2.0
betrayal,alpha_2p0,14212,1861.5,9.3075,0.0,6.0,0.6,0.15,0.24,9.22270783303627,8.516967308768214,8.75911985736799,0.941608738360942,2.0
betrayal,alpha_2p0,14213,1957.5,9.7875,0.0,4.0,0.85,0.375,0.48,8.306265820066047,8.283852716634321,8.80555969613349,0.8152957647010989,2.0
betrayal,alpha_2p0,14214,2241.0,11.205,0.0,4.0,0.05,0.025,0.6775,7.736219678264115,7.259872259748419,7.227328480948998,0.49380526107590494,2.0
betrayal,alpha_2p0,14215,1841.5,9.2075,0.0,27.0,0.525,0.2,0.345,9.008089625091355,8.92806813051532,8.972155376677323,0.7775966487469232,2.0
betrayal,alpha_2p0,14216,1957.0,9.785,0.0,,0.675,0.35,0.49,7.512451644129733,8.521180949018188,8.349464581517356,0.9268154765022998,2.0
betrayal,alpha_2p0,14217,1956.0,9.78,0.0,24.0,0.5,0.225,0.42,8.171884540496443,8.36472659908292,8.506608899790493,0.9444810523570699,2.0
betrayal,alpha_2p0,14218,1851.0,9.255,0.0,4.0,0.425,0.05,0.23,9.223490974883044,8.116166379264458,8.248588502301779,0.9827273687972792,2.0
betrayal,alpha_2p0,14219,2205.0,11.025,0.0,115.0,0.025,0.025,0.5625,9.068007639821273,6.908478181682186,7.0082568816642645,0.6382950321232721,2.0
betrayal,alpha_4p0,14200,1919.5,9.5975,0.0,101.0,0.225,0.025,0.3675,8.37164174493703,8.998619452783185,8.895464845781158,1.0321113465707612,4.0
betrayal,alpha_4p0,14201,1928.5,9.6425,0.0,44.0,0.6,0.425,0.5025,8.120322822546456,8.490710241395055,8.989692034084102,1.115846141116399,4.0
betrayal,alpha_4p0,14202,1862.5,9.3125,0.0,6.0,0.25,0.125,0.0825,9.330575675939667,9.313340579687907,8.963767970773656,1.2551675999380112,4.0
betrayal,alpha_4p0,14203,1894.0,9.47,0.0,36.0,0.125,0.05,0.26,8.300153921956973,9.096403234428088,8.111270005218254,1.2742803425652642,4.0
betrayal,alpha_4p0,14204,2244.5,11.2225,0.0,66.0,0.0,0.0,0.695,7.873137783397456,7.141931575530139,7.030141375837981,0.5632930687729598,4.0
betrayal,alpha_4p0,14205,1795.5,8.9775,0.0,4.0,0.4,0.1,0.2075,9.156023722105246,8.925783263290711,7.633155359360998,1.1468979846425928,4.0
betrayal,alpha_4p0,14206,1831.5,9.1575,0.0,4.0,0.525,0.25,0.435,9.034345838955527,8.81803447095265,7.257972693723212,1.2372330646891787,4.0
betrayal,alpha_4p0,14207,1814.5,9.0725,0.0,10.0,0.275,0.175,0.28,9.172155142485588,9.242329729138511,9.07662843297271,1.1105162241233637,4.0
betrayal,alpha_4p0,14208,2210.0,11.05,0.0,,0.225,0.125,0.505,7.418679487597423,7.392991159995425,7.25928894872141,0.674302685103382,4.0
betrayal,alpha_4p0,14209,1867.0,9.335,0.0,4.0,0.25,0.1,0.1425,9.272880343041441,9.297409136645076,9.277502411895329,1.1806703079442238,4.0
betrayal,alpha_4p0,14210,1862.0,9.31,0.0,4.0,0.5,0.1,0.1875,9.13588340654758,8.021824507042513,8.45343335139774,1.074093006699887,4.0
betrayal,alpha_4p0,14211,1886.5,9.4325,0.0,4.0,0.2,0.075,0.19,8.931482662268163,8.811540047766766,8.622395977876002,1.1684730307302016,4.0
betrayal,alpha_4p0,14212,2110.0,10.55,0.0,,0.025,0.0,0.565,8.97446807673246,7.683905728282199,7.52666744556205,0.7425179245226772,4.0
betrayal,alpha_4p0,14213,2179.0,10.895,0.0,75.0,0.025,0.0,0.665,7.920226771307544,7.41815729816629,7.468907685398005,0.6616617957099112,4.0
betrayal,alpha_4p0,14214,1874.5,9.3725,0.0,4.0,0.225,0.1,0.27,8.951647986725222,8.978769919126115,8.001218742911684,1.2229316182955587,4.0
betrayal,alpha_4p0,14215,2010.5,10.0525,0.0,46.0,0.725,0.4,0.5175,7.199506671638744,8.278633969371157,8.9111444595955,1.0076803426679457,4.0
betrayal,alpha_4p0,14216,1860.0,9.3,0.0,11.0,0.575,0.175,0.4475,9.165830226469167,8.958285571769828,7.478274146750221,1.0020013857595513,4.0
betrayal,alpha_4p0,14217,1877.0,9.385,0.0,22.0,0.35,0.15,0.4025,8.454009825800147,8.674724146475485,7.78166858715167,1.2475774402920945,4.0
betrayal,alpha_4p0,14218,1958.0,9.79,0.0,4.0,0.7,0.375,0.4725,8.300585680731638,8.322712927922089,9.003507571999089,1.1006530812717559,4.0
betrayal,alpha_4p0,14219,1861.0,9.305,0.0,74.0,0.15,0.025,0.1275,9.265052637965148,9.250766468269358,8.911064209812936,1.2041504592162244,4.0
betrayal,alpha_8p0,14200,2205.5,11.0275,0.0,,0.125,0.075,0.3325,8.421687133906515,7.8379157018494015,7.565787922022974,1.1513495781886935,8.0
betrayal,alpha_8p0,14201,1929.5,9.6475,0.0,4.0,0.7,0.275,0.53,7.383408071650498,8.291047590981423,7.528120507652734,1.3093105843649775,8.0
betrayal,alpha_8p0,14202,1829.5,9.1475,0.0,6.0,0.3,0.175,0.075,9.322837771095458,9.41385725349337,8.961306126634325,1.3469199521611925,8.0
betrayal,alpha_8p0,14203,1892.0,9.46,0.0,7.0,0.175,0.05,0.05,8.397385717703433,9.178849901143632,8.613254148408368,1.4251127619648156,8.0
betrayal,alpha_8p0,14204,1903.0,9.515,0.0,37.0,0.15,0.05,0.2925,8.51632990006293,8.99125201071713,7.659317436353016,1.1440946888797094,8.0
betrayal,alpha_8p0,14205,1853.5,9.2675,0.0,4.0,0.775,0.175,0.4325,8.721991203345233,8.354935562244385,7.546473169559772,1.3830423625006891,8.0
betrayal,alpha_8p0,14206,2187.5,10.9375,0.0,4.0,0.05,0.025,0.655,7.735425879048215,7.791351549270736,7.508212668179817,0.9809596471123305,8.0
betrayal,alpha_8p0,14207,1849.0,9.245,0.0,29.0,0.45,0.1,0.3825,8.95328180581587,8.652187900045979,8.187964925688663,1.3909166623385816,8.0
betrayal,alpha_8p0,14208,1878.0,9.39,0.0,6.0,0.3,0.125,0.4325,8.674775290043652,8.5672034186178,8.411929321337158,1.3522384445789637,8.0
betrayal,alpha_8p0,14209,2138.5,10.6925,0.0,4.0,0.1,0.05,0.56,8.662352745597062,7.544342874151726,7.353322396173213,1.0514793277927204,8.0
betrayal,alpha_8p0,14210,1947.5,9.7375,0.0,4.0,0.65,0.4,0.495,7.806937441895626,8.48270458957123,8.924021033483122,1.3256514954245224,8.0
betrayal,alpha_8p0,14211,2219.5,11.0975,0.0,,0.0,0.0,0.585,8.369088966482254,6.598919648001819,7.3657599793983985,1.0673388612982342,8.0
betrayal,alpha_8p0,14212,1852.0,9.26,0.0,8.0,0.525,0.125,0.285,9.016749255926108,8.325222991157046,8.969202149175558,1.364041947940395,8.0
betrayal,alpha_8p0,14213,2171.5,10.8575,0.0,50.0,0.025,0.0,0.675,7.9535019294345615,7.327451303797086,7.326942916163148,0.8695657249639062,8.0
betrayal,alpha_8p0,14214,2159.0,10.795,0.0,,0.25,0.075,0.545,8.389595646819814,7.540124540111213,7.365264818957753,1.0636978087919227,8.0
betrayal,alpha_8p0,14215,1817.0,9.085,0.0,29.0,0.425,0.175,0.2,9.104341949223707,8.076560208658059,8.280244446130876,1.4422405717656022,8.0
betrayal,alpha_8p0,14216,1829.0,9.145,0.0,8.0,0.45,0.125,0.25,9.292840763929716,8.711320627336917,8.30363177749571,1.349048200117163,8.0
betrayal,alpha_8p0,14217,2216.0,11.08,0.0,,0.025,0.0,0.6725,8.064936351209532,6.6617993526038175,5.638879227046877,0.7939496069467051,8.0
betrayal,alpha_8p0,14218,1924.0,9.62,0.0,4.0,0.3,0.075,0.3875,8.277388623927301,8.835618557446868,8.890244438762654,1.320875672571998,8.0
betrayal,alpha_8p0,14219,1923.0,9.615,0.0,4.0,0.8,0.625,0.3225,8.930274887668867,8.501133274509685,9.193644621040287,1.2323764137083224,8.0
open_graded,alpha_0p05,4200,1896.5,9.4825,0.0,4.0,,,0.4875,8.886390271840131,8.74549822308957,8.648663737403261,0.13768840456717923,0.05
open_graded,alpha_0p05,4201,1914.0,9.57,0.0,4.0,,,0.3675,9.129298974964136,9.093562876946665,9.177340524582078,0.16163189871156047,0.05
open_graded,alpha_0p05,4202,2029.0,10.145,0.03333333333333333,9.0,,,0.605,8.681783138194318,8.489131673244435,8.562062925122282,0.11614544406329103,0.05
open_graded,alpha_0p05,4203,1842.0,9.21,0.03333333333333333,4.0,,,0.4025,8.708049828348422,8.769623639582337,8.841037732433591,0.15108773263085667,0.05
open_graded,alpha_0p05,4204,1919.5,9.5975,0.03333333333333333,11.0,,,0.31,8.828096281122638,9.09823501527129,9.19139534583306,0.14493798255725382,0.05
open_graded,alpha_0p05,4205,1843.5,9.2175,0.03333333333333333,4.0,,,0.23,8.887215448608794,9.144558307429238,9.100585810511529,0.1405452625189128,0.05
open_graded,alpha_0p05,4206,1869.5,9.3475,0.03333333333333333,4.0,,,0.4175,8.816591319469342,8.917649184087344,8.972499421622553,0.1448501015428355,0.05
open_graded,alpha_0p05,4207,1868.5,9.3425,0.03333333333333333,4.0,,,0.4075,9.06819199417443,9.016036643606494,8.770449788188808,0.13914536995381388,0.05
open_graded,alpha_0p05,4208,1860.0,9.3,0.0,7.0,,,0.3475,9.059854908340666,8.904991381262336,8.85607338579887,0.15211694263598752,0.05
open_graded,alpha_0p05,4209,1815.0,9.075,0.06666666666666667,117.0,,,0.465,8.891109693168648,8.612933513865988,8.602596582903757,0.14777831415250153,0.05
open_graded,alpha_0p05,4210,1911.5,9.5575,0.23333333333333334,4.0,,,0.445,9.060813429811335,8.714600352040746,8.621750440115934,0.14595484028231387,0.05
open_graded,alpha_0p05,4211,1884.0,9.42,0.03333333333333333,4.0,,,0.48,8.924957140387143,8.784638010213271,8.804654182025983,0.12871518632485374,0.05
open_graded,alpha_0p05,4212,1797.5,8.9875,0.03333333333333333,4.0,,,0.305,9.058768616191013,9.000161580934977,9.1190965667382,0.15108427485503134,0.05
open_graded,alpha_0p05,4213,1850.5,9.2525,0.0,4.0,,,0.475,8.869282026077094,8.546763165545592,8.48375501030063,0.14072923995415199,0.05
open_graded,alpha_0p05,4214,1852.0,9.26,0.06666666666666667,4.0,,,0.41,9.080741638722579,8.970394185394394,8.880512413563782,0.13661936302333372,0.05
open_graded,alpha_0p05,4215,1908.0,9.54,0.06666666666666667,4.0,,,0.4325,8.999754551486888,8.9414699851709,8.958608294709702,0.1388857600741214,0.05
open_graded,alpha_0p05,4216,1867.5,9.3375,0.03333333333333333,4.0,,,0.3825,9.09672236580517,8.850952379541521,8.82470254226167,0.1412425089384155,0.05
open_graded,alpha_0p05,4217,2199.5,10.9975,0.03333333333333333,14.0,,,0.6125,8.62726089133836,8.572002647045128,8.312075425062122,0.10753438125537235,0.05
open_graded,alpha_0p05,4218,1933.0,9.665,0.0,8.0,,,0.545,8.683440549961853,8.641775200059078,8.52776885803481,0.1473090215070222,0.05
open_graded,alpha_0p05,4219,2065.0,10.325,0.0,4.0,,,0.65,8.458947669354739,8.336034097220358,8.58040206274257,0.11804736066769989,0.05
open_graded,alpha_0p1,4200,1954.0,9.77,0.0,4.0,,,0.555,8.606856736317459,8.563822510704432,8.757723790834604,0.16775173415954434,0.1
open_graded,alpha_0p1,4201,2094.0,10.47,0.03333333333333333,4.0,,,0.5175,8.916740175471515,8.701802657056856,8.62264784934114,0.16671328810213926,0.1
open_graded,alpha_0p1,4202,1880.0,9.4,0.0,5.0,,,0.44,8.76854170846509,8.847605672044569,8.590392430516236,0.15526076166935565,0.1
open_graded,alpha_0p1,4203,1879.5,9.3975,0.1,4.0,,,0.295,8.76884186316336,8.808741731545405,8.883823135224041,0.1882308201959213,0.1
open_graded,alpha_0p1,4204,1872.5,9.3625,0.0,4.0,,,0.2575,9.1162048135683,9.140420451626017,9.159494467967656,0.2041031685645252,0.1
open_graded,alpha_0p1,4205,2155.0,10.775,0.0,4.0,,,0.545,8.832838717062678,8.251805074030322,8.604414083088765,0.15158721533736214,0.1
open_graded,alpha_0p1,4206,1890.0,9.45,0.03333333333333333,4.0,,,0.3325,8.913500448592668,8.956427211640829,9.152691438616877,0.17271128714913142,0.1
open_graded,alpha_0p1,4207,1931.5,9.6575,0.06666666666666667,4.0,,,0.5125,8.911947830707973,8.605742605495037,8.520491511478795,0.17670393320925143,0.1
open_graded,alpha_0p1,4208,1882.5,9.4125,0.0,6.0,,,0.4175,9.07357087493211,8.706897436869856,8.530844181854674,0.18572539537747523,0.1
open_graded,alpha_0p1,4209,1798.0,8.99,0.06666666666666667,117.0,,,0.475,8.900622097852247,8.581294202723836,8.57042734605593,0.16305815436930332,0.1
open_graded,alpha_0p1,4210,1902.0,9.51,0.06666666666666667,4.0,,,0.52,8.882527439271414,8.614301540814537,8.721260226614426,0.16914996098594481,0.1
open_graded,alpha_0p1,4211,1884.0,9.42,0.0,4.0,,,0.4925,8.841000834159763,8.592241840733157,8.896575956202591,0.19867445039511017,0.1
open_graded,alpha_0p1,4212,1842.5,9.2125,0.0,4.0,,,0.2725,9.090902326030221,9.111025207044642,9.147161668716947,0.1523349269712418,0.1
open_graded,alpha_0p1,4213,1876.0,9.38,0.0,4.0,,,0.4825,8.874669650326043,8.592646213387066,8.358458406436942,0.15423577388765053,0.1
open_graded,alpha_0p1,4214,1815.0,9.075,0.06666666666666667,13.0,,,0.3725,9.062066735988624,9.07867450536795,8.914133375442995,0.1575757527357135,0.1
open_graded,alpha_0p1,4215,1911.5,9.5575,0.06666666666666667,10.0,,,0.4325,8.881862331201555,8.912068869416805,8.886315337387149,0.1722395579290017,0.1
open_graded,alpha_0p1,4216,1865.5,9.3275,0.3333333333333333,4.0,,,0.3025,9.140790474411585,9.090123749225349,9.152594629291613,0.17936437356115104,0.1
open_graded,alpha_0p1,4217,1880.0,9.4,0.06666666666666667,4.0,,,0.3925,9.09933073381499,8.938796997146307,8.874054365432281,0.17822187726872335,0.1
open_graded,alpha_0p1,4218,1914.0,9.57,0.03333333333333333,4.0,,,0.535,8.951109721770791,8.619393498466977,8.679819234439316,0.1714060343011034,0.1
open_graded,alpha_0p1,4219,2227.0,11.135,0.0,5.0,,,0.6775,8.296079233077961,8.155180768558006,7.953765302277184,0.10322438432813166,0.1
open_graded,alpha_0p3,4200,2135.5,10.6775,0.0,11.0,,,0.65,8.387764888246506,8.319147143691167,8.473390671311375,0.22768087071678367,0.3
open_graded,alpha_0p3,4201,1901.0,9.505,0.06666666666666667,4.0,,,0.43,9.045322961298206,8.961573497840684,8.941585069621771,0.33003674683862794,0.3
open_graded,alpha_0p3,4202,1854.0,9.27,0.06666666666666667,117.0,,,0.3375,9.0043581515079,8.977793924145546,8.777758183644602,0.3098123026491432,0.3
open_graded,alpha_0p3,4203,1897.0,9.485,0.06666666666666667,4.0,,,0.415,8.899052114448164,8.801837337424558,8.902595751959295,0.31321181619899746,0.3
open_graded,alpha_0p3,4204,1926.0,9.63,0.03333333333333333,8.0,,,0.2675,8.931587422365983,9.074986500869619,9.184320215615799,0.30591479585678627,0.3
open_graded,alpha_0p3,4205,1860.5,9.3025,0.0,4.0,,,0.3125,8.955024557285919,9.0623006721263,9.141263203521778,0.2208837156824241,0.3
open_graded,alpha_0p3,4206,1874.0,9.37,0.0,4.0,,,0.3975,8.962915945320368,8.968843551268199,9.02543475306447,0.32327202638517916,0.3
open_graded,alpha_0p3,4207,1929.0,9.645,0.0,4.0,,,0.485,8.984290396581242,8.773880016337188,8.62999277226642,0.2968379140972758,0.3
open_graded,alpha_0p3,4208,1876.5,9.3825,0.0,5.0,,,0.4175,8.941140276367973,8.871581019032368,8.6239648221887,0.2938087469815775,0.3
open_graded,alpha_0p3,4209,1834.5,9.1725,0.2,40.0,,,0.295,8.937697289868373,8.826889236392848,8.923299803197155,0.31418953938263655,0.3
open_graded,alpha_0p3,4210,1934.0,9.67,0.0,4.0,,,0.54,8.88409751201402,8.75145757455629,8.608543289531614,0.28050514103558577,0.3
open_graded,alpha_0p3,4211,1897.5,9.4875,0.03333333333333333,4.0,,,0.46,8.93812452858772,8.826793575754161,8.913239139070368,0.2774870825292204,0.3
open_graded,alpha_0p3,4212,1855.0,9.275,0.06666666666666667,4.0,,,0.31,9.027647070015654,9.001150067639795,9.153723811973894,0.24585980133055155,0.3
open_graded,alpha_0p3,4213,1879.5,9.3975,0.03333333333333333,4.0,,,0.435,8.963412474079659,8.642609267354624,8.52850591563544,0.30823164676289005,0.3
open_graded,alpha_0p3,4214,1839.0,9.195,0.0,4.0,,,0.385,9.030376928840138,9.00633323803114,8.83283800661232,0.2558163453759901,0.3
open_graded,alpha_0p3,4215,1903.0,9.515,0.0,4.0,,,0.4325,8.998833868951504,8.898062174634477,8.829429756949848,0.2226201505418389,0.3
open_graded,alpha_0p3,4216,1960.0,9.8,0.0,4.0,,,0.4625,8.881409182510247,8.819827219088834,8.917547804466082,0.3023359490700896,0.3
open_graded,alpha_0p3,4217,1885.5,9.4275,0.03333333333333333,4.0,,,0.415,9.12718393509462,8.871828236697134,8.952746044028592,0.28094168993214375,0.3
open_graded,alpha_0p3,4218,1944.0,9.72,0.0,7.0,,,0.5525,8.767374635356425,8.720558140490034,8.639933017248223,0.26638919107725434,0.3
open_graded,alpha_0p3,4219,1927.5,9.6375,0.03333333333333333,51.0,,,0.485,8.732705831184921,8.75439829183464,8.835119889902884,0.32517073168978133,0.3
open_graded,alpha_0p5,4200,1897.5,9.4875,0.03333333333333333,4.0,,,0.475,9.015050785952845,8.780678627206884,8.851755375896879,0.3632898623118807,0.5
open_graded,alpha_0p5,4201,1880.0,9.4,0.03333333333333333,4.0,,,0.41,9.126023924191369,9.006449274572875,9.191930652913072,0.36740774804192844,0.5
open_graded,alpha_0p5,4202,1913.0,9.565,0.03333333333333333,14.0,,,0.495,8.651912003464368,8.69093926899149,8.581333641414234,0.524749135880717,0.5
open_graded,alpha_0p5,4203,1864.5,9.3225,0.06666666666666667,4.0,,,0.26,8.835155221716558,8.976434692317708,8.922959630661705,0.4422710865200595,0.5
open_graded,alpha_0p5,4204,1852.5,9.2625,0.03333333333333333,21.0,,,0.245,9.13655661769822,9.190882288605769,9.252044992295826,0.34924515954300617,0.5
open_graded,alpha_0p5,4205,1849.5,9.2475,0.03333333333333333,4.0,,,0.285,9.135377885779214,9.148099639963721,9.163653716592973,0.3780618357023273,0.5
open_graded,alpha_0p5,4206,1853.5,9.2675,0.0,4.0,,,0.2925,8.770823448154717,9.08041871791573,9.189410691320154,0.41460127044893874,0.5
open_graded,alpha_0p5,4207,1887.0,9.435,0.0,4.0,,,0.4725,8.810942436302462,8.731075794705635,8.422656055544179,0.4605071123853385,0.5
open_graded,alpha_0p5,4208,2149.5,10.7475,0.0,4.0,,,0.615,8.52901355937623,7.765561681241662,8.103780920632204,0.2601167867807239,0.5
open_graded,alpha_0p5,4209,1809.5,9.0475,0.1,106.0,,,0.2625,8.940229392649456,8.370562120788291,8.258309038905297,0.5148585970848649,0.5
open_graded,alpha_0p5,4210,1929.0,9.645,0.0,4.0,,,0.5525,8.894163378843869,8.64087186119741,8.611720098105051,0.40341865072525857,0.5
open_graded,alpha_0p5,4211,1926.0,9.63,0.0,4.0,,,0.57,8.47100748107022,8.636756831953472,8.666934455509578,0.5009609458765849,0.5
open_graded,alpha_0p5,4212,1835.0,9.175,0.03333333333333333,11.0,,,0.2825,8.868254390279484,9.174470752451786,9.223148933274128,0.39107363343902185,0.5
open_graded,alpha_0p5,4213,1879.0,9.395,0.03333333333333333,4.0,,,0.4925,8.857797365937847,8.58379757697194,8.525273814024763,0.438636570118519,0.5
open_graded,alpha_0p5,4214,1863.0,9.315,0.06666666666666667,4.0,,,0.4225,8.977078973605579,8.981290167517747,8.869871766270807,0.3469052357660236,0.5
open_graded,alpha_0p5,4215,1901.0,9.505,0.1,10.0,,,0.4075,8.932861038683164,8.951800874673697,9.007553340942561,0.4439865678473837,0.5
open_graded,alpha_0p5,4216,1888.0,9.44,0.03333333333333333,4.0,,,0.405,9.066688046659017,8.741814654921473,8.892250206500048,0.40999446704805875,0.5
open_graded,alpha_0p5,4217,1859.5,9.2975,0.06666666666666667,4.0,,,0.3425,9.221578287646159,9.139164814764893,9.084991556058617,0.3707205045379664,0.5
open_graded,alpha_0p5,4218,1921.5,9.6075,0.06666666666666667,39.0,,,0.54,8.612968062933875,8.728174526935044,8.548181414795343,0.41570163056988224,0.5
open_graded,alpha_0p5,4219,1945.0,9.725,0.0,4.0,,,0.5825,8.467347290979214,8.611901575673823,8.918472769803914,0.40230009463217836,0.5
open_graded,alpha_1p0,4200,1901.0,9.505,0.0,4.0,,,0.435,9.038389136627453,8.841326957555529,8.963365549762706,0.5459499156041556,1.0
open_graded,alpha_1p0,4201,1862.5,9.3125,0.03333333333333333,4.0,,,0.31,9.08896064444285,8.978407358639581,9.072831653604524,0.562397011449633,1.0
open_graded,alpha_1p0,4202,1939.0,9.695,0.03333333333333333,5.0,,,0.5375,8.799385327106394,8.530697098266439,8.997340345620241,0.6178657679135343,1.0
open_graded,alpha_1p0,4203,1856.0,9.28,0.1,4.0,,,0.415,8.565945351909393,8.353235989430768,8.276528053901915,0.7541630444279865,1.0
open_graded,alpha_1p0,4204,1897.0,9.485,0.0,4.0,,,0.4125,8.842643931663504,8.81053362808717,8.804844929024744,0.7198346311428451,1.0
open_graded,alpha_1p0,4205,1835.0,9.175,0.06666666666666667,4.0,,,0.1275,9.041262131592823,8.903380459064929,9.169304680706515,0.534013254736762,1.0
open_graded,alpha_1p0,4206,1855.5,9.2775,0.03333333333333333,4.0,,,0.42,8.738160358583269,8.738522542225372,7.675272968780181,0.7233112341549063,1.0
open_graded,alpha_1p0,4207,1881.0,9.405,0.03333333333333333,4.0,,,0.475,8.897110668113845,8.71192623594878,8.141671357093173,0.6153432177972079,1.0
open_graded,alpha_1p0,4208,1870.0,9.35,0.0,7.0,,,0.3475,9.028213828175176,8.667958204876005,8.70741647741286,0.7973555049468941,1.0
open_graded,alpha_1p0,4209,2147.0,10.735,0.03333333333333333,55.0,,,0.69,7.928953559150077,7.682992738111056,7.628970067488482,0.27778466020210624,1.0
open_graded,alpha_1p0,4210,1866.0,9.33,0.3333333333333333,4.0,,,0.3625,9.100279185395472,8.932894314836936,8.353157335762988,0.6831437444342734,1.0
open_graded,alpha_1p0,4211,1887.5,9.4375,0.03333333333333333,4.0,,,0.44,8.947796713362678,8.727005255279394,8.883419824844792,0.7772605018503344,1.0
open_graded,alpha_1p0,4212,1838.5,9.1925,0.03333333333333333,4.0,,,0.1675,9.21879742639084,9.086295493545618,8.7817784065959,0.6318372113494923,1.0
open_graded,alpha_1p0,4213,1897.0,9.485,0.0,4.0,,,0.42,8.988748978083478,8.807623206643154,8.304412324724357,0.6551448439166419,1.0
open_graded,alpha_1p0,4214,1811.5,9.0575,0.13333333333333333,17.0,,,0.27,9.160702004167636,9.214949896356202,9.18720379128994,0.5475459511805172,1.0
open_graded,alpha_1p0,4215,1912.5,9.5625,0.1,21.0,,,0.3975,8.976185871015295,8.640912028051332,8.973618587678644,0.632369131988824,1.0
open_graded,alpha_1p0,4216,1888.0,9.44,0.1,4.0,,,0.3775,9.082013212782863,8.895677571847632,8.97619297896304,0.7206610112335883,1.0
open_graded,alpha_1p0,4217,1950.5,9.7525,0.0,15.0,,,0.5825,8.64493003087987,8.611751669758812,8.881534860815988,0.49550712597338137,1.0
open_graded,alpha_1p0,4218,1921.5,9.6075,0.03333333333333333,4.0,,,0.5475,8.583775656588852,8.613606985827824,8.475635666081224,0.6688410492537833,1.0
open_graded,alpha_1p0,4219,2286.5,11.4325,0.0,6.0,,,0.7175,7.21715155089923,7.046182478724868,6.356208542254349,0.15184370866414193,1.0
open_graded,alpha_2p0,4200,1875.0,9.375,0.0,44.0,,,0.355,8.671833767875128,7.84628581526998,8.703458222542048,0.7299891988960173,2.0
open_graded,alpha_2p0,4201,1892.0,9.46,0.1,4.0,,,0.2625,9.036825074883772,8.53581092798441,7.568271423637354,0.736267239671177,2.0
open_graded,alpha_2p0,4202,1851.0,9.255,0.13333333333333333,9.0,,,0.25,9.156411595438199,8.593247912779375,7.8525924725412235,0.8614575625938861,2.0
open_graded,alpha_2p0,4203,1875.5,9.3775,0.0,4.0,,,0.4175,7.732245514166514,8.593314713095198,8.517350074515331,0.9509582198944753,2.0
open_graded,alpha_2p0,4204,1874.5,9.3725,0.03333333333333333,16.0,,,0.22,9.071538597735916,8.755158119735032,9.071258856357225,0.8414675156559794,2.0
open_graded,alpha_2p0,4205,1849.5,9.2475,0.0,4.0,,,0.1325,8.883842134255442,8.743313751084086,8.807944944831137,0.8123902203022898,2.0
open_graded,alpha_2p0,4206,1872.0,9.36,0.03333333333333333,4.0,,,0.22,8.919688325212267,9.016318196445706,7.662734402942901,0.7964540654030128,2.0
open_graded,alpha_2p0,4207,1941.5,9.7075,0.03333333333333333,4.0,,,0.5025,8.731671181435509,8.249045197536098,8.473480196477837,0.9327830340564167,2.0
open_graded,alpha_2p0,4208,1886.5,9.4325,0.0,8.0,,,0.2775,9.086052652236214,8.990994443479389,8.540302407278208,0.8447419989251634,2.0
open_graded,alpha_2p0,4209,1860.0,9.3,0.03333333333333333,37.0,,,0.34,8.088005761963187,7.409872624786925,8.072339596642065,0.8271704486958901,2.0
open_graded,alpha_2p0,4210,1901.0,9.505,0.26666666666666666,4.0,,,0.45,8.993629160131976,8.089610552930226,8.052290403754483,0.7892185773354177,2.0
open_graded,alpha_2p0,4211,1896.5,9.4825,0.03333333333333333,4.0,,,0.4975,8.982657520402451,8.537196338524268,8.999665340956991,0.9524538310553036,2.0
open_graded,alpha_2p0,4212,1838.0,9.19,0.03333333333333333,4.0,,,0.1825,9.129766781104461,8.553484491569526,9.06001139646376,0.8293679733907523,2.0
open_graded,alpha_2p0,4213,1864.0,9.32,0.03333333333333333,4.0,,,0.29,8.870718634726519,8.235463400155375,7.9132042077759825,0.8685822782543107,2.0
open_graded,alpha_2p0,4214,1837.0,9.185,0.06666666666666667,4.0,,,0.2725,9.097853204960051,8.7836572937073,8.220809598402836,0.9457121181120092,2.0
open_graded,alpha_2p0,4215,1945.5,9.7275,0.03333333333333333,4.0,,,0.4425,8.812956515318406,8.518861632168639,8.912247920993027,0.8554410320488273,2.0
open_graded,alpha_2p0,4216,1880.0,9.4,0.1,4.0,,,0.41,9.154905563656193,8.674993091519983,8.982501840209514,0.8867060990195389,2.0
open_graded,alpha_2p0,4217,1877.0,9.385,0.06666666666666667,4.0,,,0.45,9.133104258338538,8.811139925726287,8.543912886757134,0.8853677476351496,2.0
open_graded,alpha_2p0,4218,1917.5,9.5875,0.06666666666666667,46.0,,,0.48,8.612562653870647,8.704170397219983,7.461110716031262,0.9574542581458265,2.0
open_graded,alpha_2p0,4219,1914.5,9.5725,0.03333333333333333,52.0,,,0.38,8.545333488614595,9.094202657193959,8.841370775402323,0.905322923223391,2.0
open_graded,alpha_4p0,4200,2265.0,11.325,0.03333333333333333,8.0,,,0.675,7.344115702483686,6.921929727664523,7.290408056376918,0.5788320141203503,4.0
open_graded,alpha_4p0,4201,2072.5,10.3625,0.06666666666666667,4.0,,,0.37,9.162675962577554,8.707226965532245,8.060533744421587,1.1505388242718657,4.0
open_graded,alpha_4p0,4202,1881.5,9.4075,0.03333333333333333,7.0,,,0.3725,8.844270893089513,8.244796855214798,8.301708423222106,1.1652844509535871,4.0
open_graded,alpha_4p0,4203,1847.0,9.235,0.03333333333333333,4.0,,,0.245,7.4491461421620855,8.947042216122373,8.816521717319727,1.2842970096549888,4.0
open_graded,alpha_4p0,4204,2185.5,10.9275,0.0,4.0,,,0.565,8.467775540035305,6.887556720938125,7.612686844308624,0.9025719092157998,4.0
open_graded,alpha_4p0,4205,1841.5,9.2075,0.03333333333333333,42.0,,,0.25,8.857850933679686,8.650733827351345,8.762909267356429,0.9725998819711171,4.0
open_graded,alpha_4p0,4206,1899.5,9.4975,0.03333333333333333,4.0,,,0.195,9.076644665830889,8.627805188391193,7.683770188407666,1.0591164710844911,4.0
open_graded,alpha_4p0,4207,1897.5,9.4875,0.06666666666666667,4.0,,,0.44,8.835734447350179,8.041700178894764,8.327689375531696,1.2874987478929114,4.0
open_graded,alpha_4p0,4208,1841.0,9.205,0.0,9.0,,,0.285,8.767141383735519,8.708538649462007,8.494237457000247,1.126485966239252,4.0
open_graded,alpha_4p0,4209,2093.5,10.4675,0.0,,,,0.57,8.095974463645636,7.666726333056715,7.2429281016952975,0.8358809745376742,4.0
open_graded,alpha_4p0,4210,1859.0,9.295,0.3,4.0,,,0.2425,9.043486271476347,8.409303316134167,8.926870722101189,1.0888360522415532,4.0
open_graded,alpha_4p0,4211,1879.5,9.3975,0.1,4.0,,,0.425,9.066555456206915,8.819538692139696,8.753200829865643,1.2923761424133264,4.0
open_graded,alpha_4p0,4212,2171.0,10.855,0.06666666666666667,4.0,,,0.605,7.6140955894156095,7.333481540847414,7.07834373803172,0.9043802943390391,4.0
open_graded,alpha_4p0,4213,1902.5,9.5125,0.0,4.0,,,0.23,8.67723411634553,8.362992400968395,7.729208594214019,1.0722378313697196,4.0
open_graded,alpha_4p0,4214,1834.0,9.17,0.1,17.0,,,0.2775,9.070773769839835,8.498804390798476,8.62222931684284,1.217033836715536,4.0
open_graded,alpha_4p0,4215,1926.0,9.63,0.06666666666666667,16.0,,,0.3475,8.681996009124708,8.203763217996325,8.80002952511738,1.0693945492322727,4.0
open_graded,alpha_4p0,4216,1929.0,9.645,0.06666666666666667,4.0,,,0.4375,9.02440917359575,8.451290707503155,8.407821352219392,1.2632987836540919,4.0
open_graded,alpha_4p0,4217,2126.5,10.6325,0.0,4.0,,,0.59,7.9081381997110585,7.750680519177131,7.6424403725700465,0.7863859964579021,4.0
open_graded,alpha_4p0,4218,1918.5,9.5925,0.03333333333333333,26.0,,,0.53,8.300916097949685,8.531986753519087,7.448905039719657,1.0563981817494073,4.0
open_graded,alpha_4p0,4219,1956.0,9.78,0.0,4.0,,,0.57,8.450607933274123,8.495369039510512,8.756175236902555,0.9739179690591735,4.0
open_graded,alpha_8p0,4200,2251.5,11.2575,0.0,4.0,,,0.6625,7.067564547820519,7.005008444424049,7.212245802953289,0.7739055298136235,8.0
open_graded,alpha_8p0,4201,2241.0,11.205,0.03333333333333333,4.0,,,0.615,8.172356475891748,6.5017699933917745,6.206443280631452,1.032263315817279,8.0
open_graded,alpha_8p0,4202,1918.5,9.5925,0.03333333333333333,50.0,,,0.4775,8.500142645236002,7.9940232279617724,8.036529837688144,1.4117291339471763,8.0
open_graded,alpha_8p0,4203,1864.0,9.32,0.03333333333333333,4.0,,,0.2,7.482077341598441,8.22030629374403,7.820214610704508,1.4681179269473288,8.0
open_graded,alpha_8p0,4204,1874.0,9.37,0.0,4.0,,,0.2275,8.903367006923018,8.378629246709163,9.020355523663577,1.4035088162387925,8.0
open_graded,alpha_8p0,4205,1870.5,9.3525,0.0,4.0,,,0.3525,8.065141545921785,8.669358471319857,8.525656922239037,1.260539130429436,8.0
open_graded,alpha_8p0,4206,2173.5,10.8675,0.03333333333333333,4.0,,,0.6275,7.838818071870393,7.090193711479719,7.191384467944227,0.9471126676322046,8.0
open_graded,alpha_8p0,4207,1867.5,9.3375,0.03333333333333333,7.0,,,0.3725,8.703510946688626,8.271522088965808,9.015956669389954,1.3359501121132746,8.0
open_graded,alpha_8p0,4208,1934.0,9.67,0.03333333333333333,4.0,,,0.475,8.204769475110151,8.280474276640014,8.476744782240381,1.267789989976085,8.0
open_graded,alpha_8p0,4209,1890.5,9.4525,0.03333333333333333,28.0,,,0.3325,7.737349544959061,7.399595611902267,8.448959565699496,1.3087537628813992,8.0
open_graded,alpha_8p0,4210,1933.5,9.6675,0.06666666666666667,4.0,,,0.4875,8.001337592488905,8.270985322227101,7.560432183108228,1.1972967598692377,8.0
open_graded,alpha_8p0,4211,1894.0,9.47,0.06666666666666667,4.0,,,0.5275,8.549217664714416,8.2705405954158,8.446227341209704,1.3134747497369574,8.0
open_graded,alpha_8p0,4212,2149.5,10.7475,0.03333333333333333,4.0,,,0.555,7.652841028068257,7.340052186800067,7.286126736960784,1.0987294547703255,8.0
open_graded,alpha_8p0,4213,1838.5,9.1925,0.0,4.0,,,0.3825,8.05904805042976,8.058930119227423,7.585578225736669,1.2536433489096854,8.0
open_graded,alpha_8p0,4214,1864.0,9.32,0.06666666666666667,34.0,,,0.2625,8.838593252380658,8.542924956193772,8.154100909909127,1.3322672578497996,8.0
open_graded,alpha_8p0,4215,2228.5,11.1425,0.13333333333333333,4.0,,,0.6225,7.140180704389604,6.359009884783759,6.468766985482816,0.9071917051143741,8.0
open_graded,alpha_8p0,4216,1903.5,9.5175,0.13333333333333333,4.0,,,0.34,9.10196150314158,8.369125201836123,8.67507204413686,1.3748044306162523,8.0
open_graded,alpha_8p0,4217,1922.0,9.61,0.06666666666666667,102.0,,,0.4775,8.652421769289745,8.082424656441907,8.583700837738492,1.2925363698929608,8.0
open_graded,alpha_8p0,4218,2222.5,11.1125,0.0,4.0,,,0.535,7.412027385797376,7.695874904427394,7.365100387630961,0.8843921519932227,8.0
open_graded,alpha_8p0,4219,1912.5,9.5625,0.0,4.0,,,0.5425,8.275081518711149,8.451421404165426,8.770725530480465,1.1678692865206828,8.0
